Company,TypeName,Inches,Cpu,Ram,Gpu,Weight,Price,IsFullHD,IsIPS,IsTouchscreen,IsRetina,ResolutionWidth,ResolutionHeight,IsHDD,IsSSD,IsFlashStorage,FlashStorage,MemorySizeHDD_TB,MemorySizeHDD_GB,MemorySizeSSD,CpuSpeed,CpuBrand,GpuBrand,OperatingSystem
2,1,17.3,102,8,79,2.7,85194,1,1,0,0,1920,1080,1,1,0,0.0,1.0,0.0,256.0,2.8,1,3,3
10,4,12.5,78,8,53,1.36,93772,1,1,0,0,1920,1080,0,1,0,0.0,0.0,0.0,256.0,2.6,1,2,3
4,3,15.6,97,8,72,2.18,53807,1,0,0,0,1920,1080,0,1,0,0.0,0.0,0.0,256.0,2.7,1,3,3
7,3,15.6,56,8,47,1.86,28717,1,0,0,0,1920,1080,0,1,0,0.0,0.0,0.0,256.0,2.0,1,2,3
10,5,15.6,99,16,72,2.3,130269,0,1,0,0,3840,2160,0,1,0,0.0,0.0,0.0,512.0,2.8,1,3,3
2,3,15.6,34,4,40,2.2,19660,0,0,0,0,1366,768,1,0,0,0.0,0.0,500.0,0.0,1.6,1,2,3
4,4,14.0,83,8,61,1.7,46833,1,0,0,0,1920,1080,0,1,0,0.0,0.0,0.0,256.0,1.6,1,2,3
4,3,15.6,74,8,24,2.24,30103,1,0,0,0,1920,1080,1,0,0,0.0,1.0,0.0,0.0,2.5,1,0,3
4,1,15.6,77,8,75,2.65,53226,1,0,0,0,1920,1080,1,0,0,0.0,1.0,0.0,0.0,2.5,1,3,3
7,5,15.6,92,8,100,2.59,118761,1,1,0,0,1920,1080,0,1,0,0.0,0.0,0.0,256.0,2.6,1,3,3
7,3,15.6,112,4,42,1.86,21258,1,0,0,0,1920,1080,0,1,0,0.0,0.0,0.0,256.0,1.6,1,2,3
10,3,15.6,7,4,15,2.19,15877,0,0,0,0,1366,768,1,0,0,0.0,0.0,500.0,0.0,2.0,0,0,3
7,3,14.0,99,8,53,1.48,93186,1,0,0,0,1920,1080,0,1,0,0.0,0.0,0.0,0.0,2.8,1,2,3
10,4,14.0,74,8,53,1.32,79866,1,1,0,0,1920,1080,0,1,0,0.0,0.0,0.0,256.0,2.5,1,2,3
10,3,14.0,68,4,47,1.7,53386,0,0,0,0,1366,768,0,0,0,0.0,0.0,0.0,0.0,2.3,1,2,3
2,1,15.6,92,16,80,2.34,123876,1,1,0,0,1920,1080,1,1,0,0.0,1.0,0.0,256.0,2.6,1,3,3
0,3,15.6,56,4,85,2.2,24988,0,0,0,0,1366,768,1,0,0,0.0,0.0,500.0,0.0,2.0,1,3,3
7,3,13.3,106,8,61,1.49,58767,1,0,0,0,1920,1080,0,1,0,0.0,0.0,0.0,512.0,1.8,1,2,3
7,3,15.6,97,8,53,2.04,33513,0,0,0,0,1366,768,1,0,0,0.0,2.0,0.0,0.0,2.7,1,2,3
10,3,17.3,56,4,47,2.8,26053,0,0,0,0,1600,900,1,0,0,0.0,1.0,0.0,0.0,2.0,1,2,3
4,3,15.6,83,8,7,2.33,44968,1,0,0,0,1920,1080,1,1,0,0.0,1.0,0.0,128.0,1.6,1,0,3
4,3,15.6,97,8,74,1.98,51202,1,0,0,0,1920,1080,1,0,0,0.0,1.0,0.0,0.0,2.7,1,3,3
4,3,15.6,97,8,24,2.2,39907,1,0,0,0,1920,1080,0,1,0,0.0,0.0,0.0,256.0,2.7,1,0,1
10,3,15.6,74,4,53,2.2,24935,1,0,0,0,1920,1080,0,1,0,0.0,0.0,0.0,128.0,2.5,1,2,0
4,4,12.5,58,4,47,1.5,62176,0,0,0,0,1366,768,0,1,0,0.0,0.0,0.0,128.0,2.3,1,2,3
4,5,15.6,102,8,108,2.23,94731,1,0,0,0,1920,1080,1,0,0,0.0,1.0,0.0,0.0,2.8,1,3,3
4,1,17.3,102,32,80,4.42,167778,1,1,0,0,1920,1080,1,1,0,0.0,1.0,0.0,256.0,2.8,1,3,3
4,3,15.6,97,16,30,2.36,47898,1,0,0,0,1920,1080,0,1,0,0.0,0.0,0.0,256.0,2.7,1,0,1
2,3,14.0,16,4,12,1.65,14811,0,0,0,0,1366,768,0,1,0,0.0,0.0,0.0,64.0,1.5,0,0,3
4,1,17.3,102,16,79,4.36,133467,1,1,0,0,1920,1080,1,1,0,0.0,1.0,0.0,128.0,2.8,1,3,3
2,1,17.3,77,8,79,2.73,94305,1,1,0,0,1920,1080,1,1,0,0.0,1.0,0.0,128.0,2.5,1,3,3
7,4,12.5,97,8,53,1.26,71128,1,0,0,0,1920,1080,0,1,0,0.0,0.0,0.0,256.0,2.7,1,2,3
16,3,15.6,89,8,47,2.2,74538,1,1,0,0,1920,1080,0,1,0,0.0,0.0,0.0,256.0,2.5,1,2,3
5,3,15.6,74,8,53,2.2,42570,0,0,0,0,1366,768,0,1,0,0.0,0.0,0.0,256.0,2.5,1,2,3
0,3,15.6,56,4,47,2.1,20779,0,0,0,0,1366,768,1,0,0,0.0,1.0,0.0,0.0,2.0,1,2,1
17,3,14.0,37,4,43,1.22,10810,0,0,0,0,1920,1080,0,0,1,32.0,0.0,0.0,0.0,1.1,1,2,3
2,3,14.0,37,4,43,1.5,15877,1,0,0,0,1920,1080,0,0,1,32.0,0.0,0.0,0.0,1.1,1,2,3
4,3,17.3,106,16,7,2.8,69210,1,0,0,0,1920,1080,1,1,0,0.0,2.0,0.0,256.0,1.8,1,0,3
10,0,14.0,83,8,61,1.74,47898,1,1,0,0,1920,1080,0,1,0,0.0,0.0,0.0,256.0,1.6,1,2,3
10,4,14.0,106,8,35,1.75,64755,1,1,0,0,1920,1080,0,1,0,0.0,0.0,0.0,256.0,1.8,1,0,3
16,3,15.6,97,8,53,2.0,73952,1,1,0,0,1920,1080,0,1,0,0.0,0.0,0.0,256.0,2.7,1,2,3
10,3,14.0,34,2,40,1.5,12201,0,0,0,0,1366,768,0,0,1,64.0,0.0,0.0,0.0,1.6,1,2,3
4,3,15.6,83,8,6,2.13,38787,1,0,0,0,1920,1080,0,1,0,0.0,0.0,0.0,256.0,1.6,1,0,3
0,3,15.6,74,4,72,2.23,32820,1,0,0,0,1920,1080,1,0,0,0.0,1.0,0.0,0.0,2.5,1,3,3
4,3,15.6,106,8,72,2.16,67239,1,1,0,0,1920,1080,0,1,0,0.0,0.0,0.0,512.0,1.8,1,3,3
10,1,15.6,102,8,77,2.4,46300,1,1,0,0,1920,1080,0,1,0,0.0,0.0,0.0,256.0,2.8,1,3,0
4,1,17.3,102,32,80,4.42,163723,1,1,0,0,1920,1080,1,1,0,0.0,1.0,0.0,512.0,2.8,1,3,3
4,1,15.6,102,16,76,2.62,78801,1,0,0,0,1920,1080,1,1,0,0.0,1.0,0.0,256.0,2.8,1,3,3
10,3,14.0,97,8,31,1.5,42570,1,1,0,0,1920,1080,0,1,0,0.0,0.0,0.0,512.0,2.7,1,0,0
10,0,13.3,74,8,53,1.3,55091,1,1,1,0,1920,1080,0,1,0,0.0,0.0,0.0,256.0,2.5,1,2,3
11,1,15.6,77,8,75,2.2,58021,1,0,0,0,1920,1080,1,1,0,0.0,1.0,0.0,128.0,2.5,1,3,3
2,4,13.3,89,8,47,1.45,68198,1,0,0,0,1920,1080,0,1,0,0.0,0.0,0.0,256.0,2.5,1,2,3
10,3,17.3,97,6,72,2.8,50562,0,0,0,0,1600,900,1,1,0,0.0,1.0,0.0,128.0,2.7,1,3,3
10,3,15.6,56,4,24,2.2,25521,1,0,0,0,1920,1080,1,0,0,0.0,1.0,0.0,0.0,2.0,1,0,0
10,1,15.6,92,8,88,2.6,67772,1,1,0,0,1920,1080,1,1,0,0.0,1.0,0.0,128.0,2.6,1,3,3
4,3,15.6,74,8,53,2.06,50882,1,0,0,0,1920,1080,1,0,0,0.0,1.0,0.0,0.0,2.5,1,2,3
10,3,15.6,74,4,66,2.2,26586,1,0,0,0,1920,1080,1,0,0,0.0,1.0,0.0,0.0,2.5,1,3,0
10,3,15.6,54,4,47,2.2,24988,1,0,0,0,1920,1080,1,0,0,0.0,1.0,0.0,0.0,2.0,1,2,0
10,2,12.5,88,16,47,1.3,87912,1,1,1,0,1920,1080,0,1,0,0.0,0.0,0.0,512.0,2.5,1,2,3
10,3,15.6,68,4,47,2.1,28771,0,0,0,0,1366,768,1,0,0,0.0,0.0,500.0,0.0,2.3,1,2,3
4,3,14.0,58,8,47,1.79,39427,0,0,0,0,1366,768,0,1,0,0.0,0.0,0.0,128.0,2.3,1,2,3
10,4,14.0,91,8,47,1.7,79866,1,0,0,0,1920,1080,0,1,0,0.0,0.0,0.0,256.0,2.6,1,2,3
10,3,15.6,56,8,67,2.2,26586,0,0,0,0,1366,768,0,1,0,0.0,0.0,0.0,256.0,2.0,1,3,0
10,3,14.0,74,8,53,1.9,49976,1,1,0,0,1920,1080,0,1,0,0.0,0.0,0.0,256.0,2.5,1,2,3
4,3,14.0,74,8,54,1.6,59620,1,0,0,0,1920,1080,0,1,0,0.0,0.0,0.0,128.0,2.5,1,2,3
2,3,15.6,74,4,64,2.1,27652,1,0,0,0,1920,1080,1,0,0,0.0,1.0,0.0,0.0,2.5,1,3,1
16,3,14.0,68,4,47,1.75,48751,0,0,0,0,1366,768,1,0,0,0.0,0.0,500.0,0.0,2.3,1,2,3
11,1,17.3,102,16,76,2.7,85194,1,0,0,0,1920,1080,1,1,0,0.0,1.0,0.0,256.0,2.8,1,3,3
0,3,14.0,59,8,53,1.5,32980,1,1,0,0,1920,1080,0,1,0,0.0,0.0,0.0,128.0,2.4,1,2,3
16,3,14.0,68,8,47,1.47,79387,1,1,0,0,1920,1080,0,1,0,0.0,0.0,0.0,256.0,2.3,1,2,3
0,3,17.3,83,4,98,3.0,42890,1,1,0,0,1920,1080,0,1,0,0.0,0.0,0.0,256.0,1.6,1,3,3
10,4,12.5,68,8,47,1.3,58554,0,1,0,0,1366,768,0,1,0,0.0,0.0,0.0,180.0,2.3,1,2,3
4,3,15.6,78,8,53,1.9,62817,1,0,0,0,1920,1080,0,1,0,0.0,0.0,0.0,256.0,2.6,1,2,3
4,4,14.0,83,8,61,1.6,61218,1,0,0,0,1920,1080,0,1,0,0.0,0.0,0.0,256.0,1.6,1,2,3
4,5,15.6,94,16,108,2.17,105228,1,1,0,0,1920,1080,0,1,0,0.0,0.0,0.0,256.0,2.7,1,3,3
2,3,15.6,59,8,72,2.3,31808,1,0,0,0,1920,1080,1,0,0,0.0,1.0,0.0,0.0,2.4,1,3,1
4,4,12.5,74,8,40,1.36,78438,1,0,1,0,1920,1080,0,1,0,0.0,0.0,0.0,256.0,2.5,1,2,3
4,4,15.6,107,8,61,1.88,69157,1,0,0,0,1920,1080,0,1,0,0.0,0.0,0.0,256.0,1.9,1,2,3
10,3,15.6,83,8,61,2.05,39373,1,0,0,0,1920,1080,0,1,0,0.0,0.0,0.0,256.0,1.6,1,2,3
7,3,17.3,56,8,47,2.54,26053,0,0,0,0,1600,900,1,0,0,0.0,1.0,0.0,0.0,2.0,1,2,3
0,3,15.6,56,4,47,2.1,23922,0,0,0,0,1366,768,0,1,0,0.0,0.0,0.0,128.0,2.0,1,2,3
0,3,15.6,59,4,53,2.4,26586,1,0,0,0,1920,1080,1,0,0,0.0,1.0,0.0,0.0,2.4,1,2,3
4,3,15.6,99,8,69,1.93,72940,1,0,0,0,1920,1080,0,1,0,0.0,0.0,0.0,256.0,2.8,1,3,3
10,0,14.0,68,4,47,1.8,44382,1,0,1,0,1920,1080,0,1,0,0.0,0.0,0.0,128.0,2.3,1,2,3
0,3,17.3,54,8,72,3.3,33513,0,0,0,0,1600,900,1,0,0,0.0,1.0,0.0,0.0,2.0,1,3,3
10,1,15.6,102,8,76,2.5,66546,1,1,0,0,1920,1080,1,1,0,0.0,1.0,0.0,128.0,2.8,1,3,3
10,3,14.0,36,4,40,1.43,14598,0,0,0,0,1366,768,0,0,1,32.0,0.0,0.0,0.0,1.6,1,2,3
11,1,17.3,102,16,80,4.14,133146,1,0,0,0,1920,1080,1,1,0,0.0,1.0,0.0,512.0,2.8,1,3,3
0,3,15.6,97,12,53,2.15,35111,1,1,1,0,1920,1080,1,0,0,0.0,1.0,0.0,0.0,2.7,1,2,3
10,3,14.0,68,8,47,1.65,78055,1,0,0,0,1920,1080,0,1,0,0.0,0.0,0.0,256.0,2.3,1,2,3
0,3,15.6,113,4,44,2.1,15877,0,0,0,0,1366,768,1,0,0,0.0,1.0,0.0,0.0,1.1,1,2,1
4,3,15.6,74,8,53,2.14,28768,0,0,0,0,1366,768,1,0,0,0.0,1.0,0.0,0.0,2.5,1,2,3
10,1,15.6,92,16,89,2.6,54825,1,1,1,0,1920,1080,1,1,0,0.0,1.0,0.0,128.0,2.6,1,3,3
7,0,14.0,59,4,72,1.63,37242,1,1,1,0,1920,1080,0,1,0,0.0,0.0,0.0,128.0,2.4,1,3,3
7,3,15.6,71,8,47,1.84,101232,1,0,0,0,1920,1080,0,1,0,0.0,0.0,0.0,256.0,2.4,1,2,3
10,1,15.6,102,8,79,3.2,69210,1,1,0,0,1920,1080,1,0,0,0.0,1.0,0.0,0.0,2.8,1,3,3
7,4,15.6,89,8,47,1.88,115709,1,0,0,0,1920,1080,0,1,0,0.0,0.0,0.0,256.0,2.5,1,2,3
11,1,17.3,102,16,79,2.8,100699,1,0,0,0,1920,1080,1,1,0,0.0,1.0,0.0,256.0,2.8,1,3,3
2,1,17.3,92,16,91,4.0,101232,1,1,0,0,1920,1080,1,1,0,0.0,1.0,0.0,128.0,2.6,1,3,3
4,3,15.6,97,8,30,2.36,39906,0,0,0,0,1366,768,1,0,0,0.0,1.0,0.0,0.0,2.7,1,0,3
7,3,15.6,74,8,53,1.86,36763,1,0,0,0,1920,1080,0,1,0,0.0,0.0,0.0,256.0,2.5,1,2,3
7,3,17.3,83,8,69,2.5,48697,1,1,0,0,1920,1080,1,0,0,0.0,1.0,0.0,0.0,1.6,1,3,3
2,1,17.3,92,16,80,4.3,125208,1,1,0,0,1920,1080,1,1,0,0.0,1.0,0.0,256.0,2.6,1,3,3
1,4,12.0,43,8,49,0.92,61964,0,1,0,1,2304,1440,0,0,1,256.0,0.0,0.0,0.0,1.1,1,2,2
4,3,15.6,97,4,22,2.18,39373,1,0,0,0,1920,1080,0,1,0,0.0,0.0,0.0,256.0,2.7,1,0,3
10,3,14.0,40,4,41,1.5,17316,0,0,0,0,1366,768,0,0,1,16.0,0.0,0.0,0.0,1.6,1,2,0
10,3,15.6,54,4,47,2.3,30103,0,0,0,0,1366,768,0,1,0,0.0,0.0,0.0,128.0,2.0,1,2,3
7,3,13.3,83,4,61,1.49,40173,1,1,0,0,1920,1080,1,0,0,0.0,0.0,500.0,0.0,1.6,1,2,3
4,3,15.6,74,4,22,2.18,36496,0,0,0,0,1366,768,1,0,0,0.0,1.0,0.0,0.0,2.5,1,0,3
4,3,15.6,106,8,6,2.14,39164,1,0,0,0,1920,1080,0,1,0,0.0,0.0,0.0,256.0,1.8,1,0,1
4,0,15.6,76,8,53,2.3,58288,1,1,1,0,1920,1080,0,1,0,0.0,0.0,0.0,256.0,2.7,1,2,3
2,3,15.6,89,4,65,2.2,38378,0,0,0,0,1366,768,1,0,0,0.0,0.0,500.0,0.0,2.5,1,3,3
4,0,13.3,97,12,53,1.6,69210,1,1,1,0,1920,1080,0,1,0,0.0,0.0,0.0,256.0,2.7,1,2,3
7,3,15.6,56,4,47,2.1,25467,1,0,0,0,1920,1080,1,0,0,0.0,1.0,0.0,0.0,2.0,1,2,3
2,1,17.3,26,16,37,3.2,82530,1,0,0,0,1920,1080,1,1,0,0.0,1.0,0.0,256.0,3.0,0,0,3
10,3,15.6,58,8,47,2.29,24455,0,0,0,0,1366,768,1,0,0,0.0,1.0,0.0,0.0,2.3,1,2,3
1,4,13.3,67,8,59,1.37,96095,0,1,0,1,2560,1600,0,1,0,0.0,0.0,0.0,256.0,3.1,1,2,2
4,1,17.3,102,32,80,4.42,167691,0,1,0,0,3840,2160,1,1,0,0.0,1.0,0.0,512.0,2.8,1,3,3
2,4,12.5,97,16,53,0.91,103896,1,0,0,0,1920,1080,0,1,0,0.0,0.0,0.0,512.0,2.7,1,2,3
1,4,12.0,51,8,52,0.92,67260,0,1,0,1,2304,1440,0,1,0,0.0,0.0,0.0,256.0,1.2,1,2,2
10,3,14.0,91,16,47,1.1,139593,0,1,0,0,2560,1440,0,1,0,0.0,0.0,0.0,256.0,2.6,1,2,3
2,2,11.6,36,4,41,1.2,15339,0,0,0,0,1366,768,0,0,1,16.0,0.0,0.0,0.0,1.6,1,2,0
16,3,13.3,68,8,47,1.2,64628,1,0,0,0,1920,1080,0,1,0,0.0,0.0,0.0,256.0,2.3,1,2,3
4,0,13.3,105,16,52,1.22,101178,0,0,1,0,3200,1800,0,1,0,0.0,0.0,0.0,512.0,1.3,1,2,3
5,3,15.6,68,4,47,2.3,34578,0,0,0,0,1366,768,0,1,0,0.0,0.0,0.0,256.0,2.3,1,2,3
7,3,15.6,68,4,47,2.31,63882,0,0,0,0,1366,768,1,0,0,0.0,0.0,500.0,0.0,2.3,1,2,3
10,1,15.6,77,8,75,2.5,54185,1,1,0,0,1920,1080,1,0,0,0.0,1.0,0.0,0.0,2.5,1,3,0
10,0,13.9,97,8,53,1.38,57489,1,1,1,0,1920,1080,0,1,0,0.0,0.0,0.0,256.0,2.7,1,2,3
2,1,15.6,102,16,76,2.5,85248,1,1,0,0,1920,1080,1,1,0,0.0,1.0,0.0,256.0,2.8,1,3,3
0,3,15.6,83,4,61,2.2,36336,1,1,0,0,1920,1080,0,1,0,0.0,0.0,0.0,256.0,1.6,1,2,3
1,4,13.3,62,8,51,1.35,53173,0,0,0,0,1440,900,0,0,1,256.0,0.0,0.0,0.0,1.6,1,2,2
10,3,15.6,74,4,65,2.4,32447,1,0,0,0,1920,1080,1,0,0,0.0,1.0,0.0,0.0,2.5,1,3,3
2,3,15.6,97,8,83,2.3,41931,1,1,0,0,1920,1080,0,1,0,0.0,0.0,0.0,256.0,2.7,1,3,3
4,3,15.6,74,8,53,2.18,42357,1,0,0,0,1920,1080,0,1,0,0.0,0.0,0.0,256.0,2.5,1,2,3
10,3,13.3,97,16,53,1.4,79866,1,1,0,0,1920,1080,0,1,0,0.0,0.0,0.0,512.0,2.7,1,2,3
6,4,12.3,82,8,52,1.1,67932,0,0,1,0,2400,1600,0,1,0,0.0,0.0,0.0,128.0,1.2,1,2,0
7,3,15.6,8,4,16,1.86,21231,1,0,0,0,1920,1080,0,1,0,0.0,0.0,0.0,256.0,2.5,0,0,3
4,4,13.3,106,8,61,1.21,103842,0,1,1,0,3840,2160,0,1,0,0.0,0.0,0.0,256.0,1.8,1,2,3
13,4,13.5,100,8,58,1.25,95850,0,0,1,0,2256,1504,0,1,0,0.0,0.0,0.0,256.0,2.5,1,2,3
2,3,15.6,77,8,75,1.99,48304,1,0,0,0,1920,1080,1,0,0,0.0,1.0,0.0,0.0,2.5,1,3,3
11,1,15.6,77,8,75,2.2,54757,1,0,0,0,1920,1080,0,1,0,0.0,0.0,0.0,256.0,2.5,1,3,3
16,3,15.6,89,8,68,2.2,55571,1,1,0,0,1920,1080,0,1,0,0.0,0.0,0.0,256.0,2.5,1,3,3
2,2,11.6,37,4,43,1.2,18115,0,0,0,0,1366,768,0,0,1,64.0,0.0,0.0,0.0,1.1,1,2,3
4,3,15.6,59,4,53,2.18,31254,0,0,0,0,1366,768,1,0,0,0.0,1.0,0.0,0.0,2.4,1,2,3
4,4,12.5,71,8,47,1.26,91288,1,0,1,0,1920,1080,0,1,0,0.0,0.0,0.0,256.0,2.4,1,2,3
4,4,14.0,99,8,40,1.36,89510,1,0,0,0,1920,1080,0,1,0,0.0,0.0,0.0,512.0,2.8,1,2,3
4,3,15.6,102,8,75,2.0,97449,1,0,0,0,1920,1080,0,1,0,0.0,0.0,0.0,256.0,2.8,1,3,3
10,4,14.0,91,16,47,1.1,111834,0,1,0,0,2560,1440,0,1,0,0.0,0.0,0.0,512.0,2.6,1,2,3
16,4,13.3,97,16,53,1.05,118601,1,0,0,0,1920,1080,0,1,0,0.0,0.0,0.0,512.0,2.7,1,2,3
10,3,17.3,102,8,109,3.4,159786,1,1,0,0,1920,1080,0,1,0,0.0,0.0,0.0,256.0,2.8,1,3,3
0,3,15.6,32,2,40,2.19,10602,0,0,0,0,1366,768,0,1,0,0.0,0.0,0.0,16.0,1.5,1,2,0
7,1,15.6,102,8,75,2.2,58554,1,1,0,0,1920,1080,1,1,0,0.0,1.0,0.0,128.0,2.8,1,3,3
4,4,13.3,83,8,61,1.41,50562,1,0,0,0,1920,1080,0,1,0,0.0,0.0,0.0,256.0,1.6,1,2,3
10,1,15.6,77,8,75,2.4,43636,1,1,0,0,1920,1080,1,0,0,0.0,1.0,0.0,0.0,2.5,1,3,3
10,3,13.3,59,4,53,1.44,39160,1,1,0,0,1920,1080,0,1,0,0.0,0.0,0.0,180.0,2.4,1,2,3
4,5,15.6,114,8,108,2.23,106187,1,0,0,0,1920,1080,1,0,1,64.0,1.0,0.0,0.0,3.0,1,3,3
7,3,15.6,75,8,69,2.04,52161,1,1,0,0,1920,1080,1,1,0,0.0,1.0,0.0,128.0,2.7,1,3,3
7,3,15.6,77,8,75,2.2,58554,1,1,0,0,1920,1080,1,1,0,0.0,1.0,0.0,128.0,2.5,1,3,3
7,4,13.3,97,8,53,1.39,61218,0,0,1,0,3200,1800,0,1,0,0.0,0.0,0.0,256.0,2.7,1,2,3
10,3,15.6,21,4,13,2.2,18594,0,0,0,0,1366,768,0,1,0,0.0,0.0,0.0,128.0,2.2,0,0,3
4,1,15.6,102,16,76,2.62,89457,0,0,0,0,3840,2160,0,1,0,0.0,0.0,0.0,512.0,2.8,1,3,3
0,3,15.6,14,4,17,2.1,21312,0,0,0,0,1366,768,1,0,0,0.0,0.0,500.0,0.0,3.0,0,0,3
7,3,15.6,92,6,89,2.18,42570,1,1,0,0,1920,1080,1,0,0,0.0,1.0,0.0,0.0,2.6,1,3,3
6,4,12.3,105,16,52,1.1,117162,0,0,1,0,2400,1600,0,1,0,0.0,0.0,0.0,512.0,1.3,1,2,0
10,3,14.0,74,8,53,1.65,71661,1,0,0,0,1920,1080,0,1,0,0.0,0.0,0.0,256.0,2.5,1,2,3
2,3,15.6,37,4,43,1.86,22324,0,0,0,0,1366,768,0,1,0,0.0,0.0,0.0,128.0,1.1,1,2,3
7,1,17.3,70,8,90,2.75,74538,1,1,0,0,1920,1080,1,1,0,0.0,1.0,0.0,128.0,2.3,1,3,3
2,1,17.3,77,12,75,2.2,72988,1,0,0,0,1920,1080,1,1,0,0.0,1.0,0.0,128.0,2.5,1,3,3
7,3,14.0,78,8,53,1.48,67559,1,0,0,0,1920,1080,0,1,0,0.0,0.0,0.0,256.0,2.6,1,2,3
4,3,15.6,56,4,47,2.3,22305,0,0,0,0,1366,768,1,0,0,0.0,1.0,0.0,0.0,2.0,1,2,3
10,0,14.0,91,8,106,1.8,109244,1,1,1,0,1920,1080,0,1,0,0.0,0.0,0.0,512.0,2.6,1,3,3
10,3,15.6,9,4,16,2.2,16463,0,0,0,0,1366,768,1,0,0,0.0,0.0,500.0,0.0,2.9,0,0,0
4,0,13.3,106,8,61,1.62,46300,1,0,1,0,1920,1080,0,1,0,0.0,0.0,0.0,256.0,1.8,1,2,3
10,3,15.6,56,4,47,2.2,19660,0,0,0,0,1366,768,0,1,0,0.0,0.0,0.0,128.0,2.0,1,2,0
11,1,15.6,102,16,79,1.8,122490,0,0,0,0,3840,2160,1,1,0,0.0,2.0,0.0,256.0,2.8,1,3,3
2,1,17.3,102,12,76,3.0,50562,1,0,0,0,1920,1080,1,0,0,0.0,1.0,0.0,0.0,2.8,1,3,1
10,3,15.6,83,4,53,2.05,36496,1,0,0,0,1920,1080,1,0,0,0.0,0.0,500.0,0.0,1.6,1,2,3
4,1,15.6,102,16,75,2.56,66560,1,0,0,0,1920,1080,0,1,0,0.0,0.0,0.0,512.0,2.8,1,3,3
10,3,15.6,68,4,47,2.1,21205,0,0,0,0,1366,768,1,0,0,0.0,0.0,500.0,0.0,2.3,1,2,0
4,0,13.3,74,8,53,1.68,47365,1,0,1,0,1920,1080,0,1,0,0.0,0.0,0.0,256.0,2.5,1,2,3
7,3,17.3,97,8,69,2.63,68198,1,0,0,0,1920,1080,1,0,0,0.0,1.0,0.0,0.0,2.7,1,3,3
11,1,15.6,102,8,76,2.2,63499,1,0,0,0,1920,1080,1,1,0,0.0,1.0,0.0,128.0,2.8,1,3,3
2,1,17.3,102,16,79,2.9,103842,1,0,0,0,1920,1080,1,1,0,0.0,1.0,0.0,256.0,2.8,1,3,3
2,3,15.6,70,4,86,2.45,30849,0,0,0,0,1366,768,1,0,0,0.0,1.0,0.0,0.0,2.3,1,3,0
12,3,14.0,28,4,41,1.4,14119,1,1,0,0,1920,1200,1,0,0,0.0,0.0,32.0,0.0,1.92,1,2,3
7,3,14.0,74,4,53,1.95,64202,1,0,0,0,1920,1080,0,1,0,0.0,0.0,0.0,256.0,2.5,1,2,3
10,3,15.6,37,4,43,2.2,16303,0,0,0,0,1366,768,1,0,0,0.0,1.0,0.0,0.0,1.1,1,2,3
4,4,13.3,83,8,61,1.22,52161,1,1,1,0,1920,1080,0,1,0,0.0,0.0,0.0,128.0,1.6,1,2,3
7,3,14.0,83,8,53,1.63,45820,1,0,0,0,1920,1080,0,1,0,0.0,0.0,0.0,256.0,1.6,1,2,3
7,3,15.6,56,4,47,1.86,18434,0,0,0,0,1366,768,1,0,0,0.0,1.0,0.0,0.0,2.0,1,2,0
4,3,14.0,78,8,53,1.64,68184,1,0,0,0,1920,1080,0,1,0,0.0,0.0,0.0,256.0,2.6,1,2,3
2,1,15.6,102,8,79,2.3,88178,1,1,0,0,1920,1080,1,1,0,0.0,1.0,0.0,128.0,2.8,1,3,3
7,3,13.3,106,16,61,1.49,63776,1,0,0,0,1920,1080,0,1,0,0.0,0.0,0.0,512.0,1.8,1,2,3
4,3,15.6,56,4,24,2.2,25840,1,0,0,0,1920,1080,0,1,0,0.0,0.0,0.0,256.0,2.0,1,0,1
11,1,17.3,77,8,75,2.7,58341,1,0,0,0,1920,1080,1,1,0,0.0,1.0,0.0,128.0,2.5,1,3,3
10,3,15.6,68,4,47,2.15,24634,1,0,0,0,1920,1080,1,0,0,0.0,1.0,0.0,0.0,2.3,1,2,0
18,4,13.3,68,8,72,1.28,49816,1,1,0,0,1920,1080,0,1,0,0.0,0.0,0.0,256.0,2.3,1,3,3
2,4,15.6,106,16,98,1.5,67239,1,0,0,0,1920,1080,1,1,0,0.0,1.0,0.0,256.0,1.8,1,3,3
10,3,15.6,113,4,44,2.2,19180,0,0,0,0,1366,768,1,0,0,0.0,1.0,0.0,0.0,1.1,1,2,0
10,3,17.3,83,8,98,2.8,37189,0,0,0,0,1600,900,0,1,0,0.0,0.0,0.0,256.0,1.6,1,3,0
11,1,15.6,92,16,79,2.94,96916,1,0,0,0,1920,1080,1,1,0,0.0,1.0,0.0,256.0,2.6,1,3,3
14,4,12.5,89,8,47,1.25,54825,0,0,1,0,3840,2160,0,1,0,0.0,0.0,0.0,256.0,2.5,1,2,3
7,0,15.6,74,4,53,2.3,36486,0,0,1,0,1366,768,1,0,0,0.0,0.0,500.0,0.0,2.5,1,2,3
11,1,15.6,102,8,75,2.2,63882,1,0,0,0,1920,1080,1,1,0,0.0,1.0,0.0,128.0,2.8,1,3,3
2,3,17.3,56,4,66,2.0,30049,1,0,0,0,1920,1080,1,0,0,0.0,1.0,0.0,0.0,2.0,1,3,3
10,3,17.3,8,8,15,2.8,27652,0,0,0,0,1600,900,1,0,0,0.0,1.0,0.0,0.0,2.5,0,0,3
0,1,17.3,92,16,79,4.2,103096,1,1,0,0,1920,1080,1,1,0,0.0,1.0,0.0,128.0,2.6,1,3,3
4,3,15.6,56,4,24,2.2,29073,0,0,0,0,1366,768,1,0,0,0.0,1.0,0.0,0.0,2.0,1,0,3
0,3,15.6,74,4,53,2.23,32980,0,0,0,0,1366,768,1,0,0,0.0,0.0,500.0,0.0,2.5,1,2,3
10,3,15.6,83,4,61,1.8,44169,1,0,0,0,1920,1080,0,1,0,0.0,0.0,0.0,256.0,1.6,1,2,3
2,3,15.6,110,8,44,2.0,31003,0,0,0,0,1920,1080,0,1,0,0.0,0.0,0.0,128.0,1.1,1,2,3
10,0,13.9,106,16,61,1.4,111834,0,1,1,0,3840,2160,0,1,0,0.0,0.0,0.0,512.0,1.8,1,2,3
10,0,13.9,97,8,53,1.38,71874,1,1,1,0,1920,1080,0,1,0,0.0,0.0,0.0,256.0,2.7,1,2,3
2,1,15.6,102,8,76,2.5,62284,1,1,0,0,1920,1080,1,0,0,0.0,1.0,0.0,0.0,2.8,1,3,0
11,1,15.6,77,8,75,2.4,63882,1,0,0,0,1920,1080,0,1,0,0.0,0.0,0.0,256.0,2.5,1,3,3
10,3,15.6,106,8,35,2.1,65510,1,1,0,0,1920,1080,0,1,0,0.0,0.0,0.0,256.0,1.8,1,0,3
8,4,13.0,97,8,53,1.05,79866,1,1,0,0,2160,1440,0,1,0,0.0,0.0,0.0,512.0,2.7,1,2,3
4,3,15.6,111,4,40,2.2,20965,0,0,0,0,1366,768,1,0,0,0.0,0.0,500.0,0.0,1.6,1,2,1
4,3,15.6,97,8,72,2.0,64308,1,0,0,0,1920,1080,1,1,0,0.0,1.0,0.0,128.0,2.7,1,3,3
4,3,15.6,74,4,24,2.3,31168,1,0,0,0,1920,1080,1,0,0,0.0,0.0,500.0,0.0,2.5,1,0,3
4,3,17.3,106,8,7,2.8,58554,1,0,0,0,1920,1080,1,1,0,0.0,1.0,0.0,128.0,1.8,1,0,1
10,3,15.6,74,8,72,2.3,53918,1,1,0,0,1920,1080,0,1,0,0.0,0.0,0.0,256.0,2.5,1,3,3
4,4,13.3,83,8,61,1.23,99580,0,0,1,0,3200,1800,0,1,0,0.0,0.0,0.0,256.0,1.6,1,2,3
14,1,17.3,103,32,82,3.49,292986,0,0,1,0,3840,2160,0,1,0,0.0,0.0,0.0,512.0,2.9,1,3,3
4,3,15.6,74,4,53,2.18,35004,1,0,0,0,1920,1080,1,0,0,0.0,1.0,0.0,0.0,2.5,1,2,3
4,4,13.3,97,16,53,1.2,142790,0,0,1,0,3200,1800,0,1,0,0.0,0.0,0.0,512.0,2.7,1,2,3
10,0,15.6,68,4,47,2.1,46193,1,1,1,0,1920,1080,0,1,0,0.0,0.0,0.0,256.0,2.3,1,2,3
7,3,15.6,97,6,53,2.04,30849,0,0,0,0,1366,768,1,0,0,0.0,1.0,0.0,0.0,2.7,1,2,3
10,1,15.6,102,16,79,3.2,79866,1,1,0,0,1920,1080,1,1,0,0.0,1.0,0.0,256.0,2.8,1,3,3
11,1,15.6,92,16,91,1.91,114731,1,0,0,0,1920,1080,1,1,0,0.0,1.0,0.0,128.0,2.6,1,3,3
4,1,17.3,93,16,82,4.36,146946,0,0,0,0,2560,1440,1,1,0,0.0,1.0,0.0,512.0,2.7,1,3,3
4,0,15.6,97,12,53,2.19,69210,1,1,1,0,1920,1080,0,1,0,0.0,0.0,0.0,512.0,2.7,1,2,3
4,4,13.3,98,8,58,1.23,73473,1,0,0,0,1920,1080,0,1,0,0.0,0.0,0.0,256.0,2.4,1,2,3
4,3,17.3,83,8,7,2.8,47365,1,1,0,0,1920,1080,1,1,0,0.0,1.0,0.0,128.0,1.6,1,0,1
4,0,17.3,97,16,72,2.77,95850,1,0,1,0,1920,1080,0,1,0,0.0,0.0,0.0,512.0,2.7,1,3,3
10,3,15.6,74,6,53,2.2,30849,1,0,0,0,1920,1080,0,1,0,0.0,0.0,0.0,256.0,2.5,1,2,3
4,0,15.6,83,8,61,2.67,42570,1,0,1,0,1920,1080,0,1,0,0.0,0.0,0.0,256.0,1.6,1,2,3
10,3,15.6,106,8,61,2.05,46886,1,0,0,0,1920,1080,0,1,0,0.0,0.0,0.0,256.0,1.8,1,2,3
10,0,14.0,91,16,47,1.36,133146,0,0,1,0,2560,1440,0,1,0,0.0,0.0,0.0,512.0,2.6,1,2,3
10,3,15.6,83,8,35,2.1,60978,1,1,0,0,1920,1080,1,1,0,0.0,1.0,0.0,256.0,1.6,1,0,3
7,3,14.0,68,4,47,1.54,54931,1,0,0,0,1920,1080,1,0,0,0.0,0.0,500.0,0.0,2.3,1,2,3
10,3,15.6,113,4,44,2.2,18594,1,0,0,0,1920,1080,0,1,0,0.0,0.0,0.0,128.0,1.1,1,2,3
10,3,14.0,37,4,43,1.44,15557,0,0,0,0,1366,768,0,0,1,32.0,0.0,0.0,0.0,1.1,1,2,3
10,0,14.0,97,16,53,1.42,133679,0,0,1,0,2560,1440,0,1,0,0.0,0.0,0.0,512.0,2.7,1,2,3
2,2,11.6,37,2,43,1.1,13053,0,0,0,0,1366,768,0,0,1,32.0,0.0,0.0,0.0,1.1,1,2,3
4,4,13.3,83,8,61,1.21,85194,0,1,1,0,3840,2160,0,1,0,0.0,0.0,0.0,128.0,1.6,1,2,3
7,3,14.0,74,6,72,1.58,35111,1,1,0,0,1920,1080,0,1,0,0.0,0.0,0.0,256.0,2.5,1,3,3
10,3,14.0,34,2,40,1.5,12201,0,0,0,0,1366,768,0,0,1,64.0,0.0,0.0,0.0,1.6,1,2,3
7,3,15.6,14,4,6,2.1,26053,1,0,0,0,1920,1080,1,0,0,0.0,1.0,0.0,0.0,3.0,0,0,3
10,5,15.6,102,8,101,2.67,102564,1,0,0,0,1920,1080,0,1,0,0.0,0.0,0.0,512.0,2.8,1,3,3
2,4,15.6,97,8,72,1.7,55938,1,0,0,0,1920,1080,0,1,0,0.0,0.0,0.0,256.0,2.7,1,3,3
7,5,17.3,102,8,101,3.14,101657,1,0,0,0,1920,1080,1,0,0,0.0,0.0,500.0,0.0,2.8,1,3,3
4,4,13.3,74,8,53,1.29,86526,0,0,1,0,3200,1800,0,1,0,0.0,0.0,0.0,256.0,2.5,1,2,3
10,4,14.0,91,12,47,1.4,89137,1,1,0,0,1920,1080,0,1,0,0.0,0.0,0.0,256.0,2.6,1,2,3
16,3,14.0,68,8,47,1.95,62870,1,0,0,0,1920,1080,0,1,0,0.0,0.0,0.0,256.0,2.3,1,2,3
4,3,15.6,54,4,29,2.3,26586,0,0,0,0,1366,768,0,1,0,0.0,0.0,0.0,128.0,2.0,1,0,3
16,3,14.0,74,8,53,1.25,81784,1,1,1,0,1920,1080,0,1,0,0.0,0.0,0.0,256.0,2.5,1,2,3
4,3,15.6,102,16,75,2.06,127818,0,0,1,0,3840,2160,0,1,0,0.0,0.0,0.0,0.0,2.8,1,3,3
4,3,15.6,106,8,7,2.2,46353,1,0,0,0,1920,1080,0,1,0,0.0,0.0,0.0,256.0,1.8,1,0,3
7,3,15.6,68,8,47,1.88,84129,1,0,0,0,1920,1080,0,1,0,0.0,0.0,0.0,256.0,2.3,1,2,3
2,0,11.6,37,4,43,1.5,19980,0,0,1,0,1366,768,0,0,1,32.0,0.0,0.0,0.0,1.1,1,2,3
4,1,15.6,77,8,75,2.65,50562,1,0,0,0,1920,1080,0,0,0,0.0,0.0,0.0,0.0,2.5,1,3,3
4,3,15.6,74,8,22,2.18,42081,1,0,0,0,1920,1080,0,1,0,0.0,0.0,0.0,256.0,2.5,1,0,3
16,4,14.0,91,8,47,1.47,91908,1,1,0,0,1920,1080,0,1,0,0.0,0.0,0.0,256.0,2.6,1,2,3
7,3,15.6,78,8,32,1.84,71874,1,0,0,0,1920,1080,0,1,0,0.0,0.0,0.0,256.0,2.6,1,0,3
7,3,15.6,97,8,53,1.84,69477,1,0,0,0,1920,1080,0,1,0,0.0,0.0,0.0,256.0,2.7,1,2,3
7,0,13.3,83,8,61,1.29,79866,0,1,1,0,3840,2160,0,1,0,0.0,0.0,0.0,256.0,1.6,1,2,3
10,1,15.6,77,8,75,2.5,53226,1,1,0,0,1920,1080,1,1,0,0.0,1.0,0.0,128.0,2.5,1,3,3
10,3,15.6,97,8,66,2.2,36496,1,0,0,0,1920,1080,1,0,0,0.0,1.0,0.0,0.0,2.7,1,3,0
4,1,15.6,102,16,80,3.21,147832,1,0,0,0,1920,1080,1,1,0,0.0,1.0,0.0,256.0,2.8,1,3,3
4,3,15.6,59,6,53,2.3,23389,0,0,1,0,1366,768,1,0,0,0.0,1.0,0.0,0.0,2.4,1,2,3
7,4,13.3,97,8,53,1.32,74538,1,1,0,0,1920,1080,0,1,0,0.0,0.0,0.0,256.0,2.7,1,2,3
2,1,17.3,92,8,89,3.52,69929,1,0,0,0,1920,1080,1,1,0,0.0,1.0,0.0,128.0,2.6,1,3,3
18,3,15.6,83,8,98,1.95,63882,1,1,0,0,1920,1080,0,1,0,0.0,0.0,0.0,256.0,1.6,1,3,0
7,5,15.6,94,8,100,2.0,119826,1,1,0,0,1920,1080,0,1,0,0.0,0.0,0.0,8.0,2.7,1,3,3
10,1,15.6,77,8,79,2.4,52693,1,1,0,0,1920,1080,1,1,0,0.0,1.0,0.0,128.0,2.5,1,3,0
4,1,15.6,102,16,80,4.42,152859,0,1,0,0,3840,2160,1,1,0,0.0,1.0,0.0,256.0,2.8,1,3,3
4,3,14.0,68,4,47,1.76,40226,0,0,0,0,1366,768,1,0,0,0.0,0.0,500.0,0.0,2.3,1,2,3
10,3,15.6,74,4,53,2.1,33110,1,0,0,0,1920,1080,1,0,0,0.0,1.0,0.0,0.0,2.5,1,2,3
7,3,17.3,106,16,70,2.5,67718,1,0,0,0,1920,1080,0,1,0,0.0,0.0,0.0,512.0,1.8,1,3,3
0,2,11.6,36,4,41,1.4,23176,0,0,0,0,1366,768,0,1,0,0.0,0.0,0.0,128.0,1.6,1,2,3
11,1,17.3,102,16,80,2.43,130482,1,0,0,0,1920,1080,1,1,0,0.0,2.0,0.0,256.0,2.8,1,3,3
7,3,15.6,56,6,24,2.04,28717,0,0,0,0,1920,1080,1,0,0,0.0,1.0,0.0,0.0,2.0,1,0,3
4,1,15.6,92,16,88,2.59,46833,1,0,0,0,1920,1080,1,0,0,0.0,1.0,0.0,0.0,2.6,1,3,3
10,1,15.6,102,8,79,3.2,74538,1,1,0,0,1920,1080,1,1,0,0.0,1.0,0.0,256.0,2.8,1,3,3
7,3,15.6,59,4,53,2.1,37589,1,0,0,0,1920,1080,0,1,0,0.0,0.0,0.0,128.0,2.4,1,2,3
4,3,15.6,34,2,40,2.2,20193,0,0,0,0,1366,768,1,0,0,0.0,0.0,500.0,0.0,1.6,1,2,3
0,3,15.6,106,8,98,2.2,36709,1,0,0,0,1920,1080,1,0,0,0.0,1.0,0.0,0.0,1.8,1,3,3
0,3,15.6,102,8,75,2.5,46833,1,0,0,0,1920,1080,0,1,0,0.0,0.0,0.0,256.0,2.8,1,3,1
10,3,14.0,68,8,47,1.9,57116,1,1,0,0,1920,1080,0,1,0,0.0,0.0,0.0,256.0,2.3,1,2,3
7,3,15.6,97,8,72,1.91,52161,1,1,0,0,1920,1080,1,0,0,0.0,1.0,0.0,0.0,2.7,1,3,3
0,3,15.6,14,6,17,2.1,21791,0,0,0,0,1366,768,1,0,0,0.0,1.0,0.0,0.0,3.0,0,0,3
0,1,15.6,77,16,76,2.5,69210,1,0,0,0,1920,1080,0,1,0,0.0,0.0,0.0,256.0,2.5,1,3,3
7,3,15.6,74,4,53,1.86,25840,0,0,0,0,1366,768,1,0,0,0.0,0.0,500.0,0.0,2.5,1,2,3
4,3,13.3,56,4,47,1.65,45234,0,0,0,0,1366,768,1,0,0,0.0,0.0,500.0,0.0,2.0,1,2,3
4,4,13.3,97,8,53,1.29,77682,1,0,0,0,1920,1080,0,1,0,0.0,0.0,0.0,256.0,2.7,1,2,3
2,3,15.6,97,8,53,2.0,65214,1,0,0,0,1920,1080,1,1,0,0.0,1.0,0.0,256.0,2.7,1,2,3
2,3,15.6,74,8,53,2.37,39906,1,0,0,0,1920,1080,1,0,0,0.0,1.0,0.0,0.0,2.5,1,2,3
2,1,17.3,26,8,37,3.2,69210,1,0,0,0,1920,1080,1,1,0,0.0,1.0,0.0,256.0,3.0,0,0,3
2,0,15.6,97,12,72,2.3,44701,1,0,1,0,1920,1080,1,0,0,0.0,2.0,0.0,0.0,2.7,1,3,3
0,3,15.6,1,8,34,2.2,30849,0,0,0,0,1366,768,1,0,0,0.0,1.0,0.0,0.0,2.5,0,0,3
7,3,14.0,36,2,41,1.44,14865,0,0,0,0,1366,768,0,0,1,32.0,0.0,0.0,0.0,1.6,1,2,3
0,3,15.6,106,8,97,2.2,39693,1,1,0,0,1920,1080,1,0,0,0.0,1.0,0.0,0.0,1.8,1,3,3
7,3,13.3,59,4,53,1.49,42624,0,0,0,0,1366,768,1,0,0,0.0,0.0,500.0,0.0,2.4,1,2,3
16,3,15.6,68,4,47,2.1,41558,0,0,0,0,1366,768,1,0,0,0.0,0.0,500.0,0.0,2.3,1,2,3
10,3,15.6,74,4,53,2.38,56210,0,0,0,0,1366,768,1,0,0,0.0,0.0,500.0,0.0,2.5,1,2,3
4,3,15.6,102,16,75,2.06,127712,0,0,1,0,3840,2160,0,1,0,0.0,0.0,0.0,512.0,2.8,1,3,3
4,1,17.3,102,32,80,4.36,194972,0,0,0,0,3840,2160,1,1,0,0.0,1.0,0.0,0.0,2.8,1,3,3
7,4,12.5,68,4,47,1.26,66280,0,0,0,0,1366,768,0,1,0,0.0,0.0,0.0,256.0,2.3,1,2,3
4,3,15.6,78,8,53,1.9,53733,0,0,0,0,1366,768,1,0,0,0.0,0.0,500.0,0.0,2.6,1,2,3
10,3,15.6,97,8,72,2.2,35112,1,0,0,0,1920,1080,1,0,0,0.0,1.0,0.0,0.0,2.7,1,3,0
2,3,17.3,74,8,86,2.69,47472,1,0,0,0,1920,1080,1,1,0,0.0,0.0,500.0,256.0,2.5,1,3,3
2,1,17.3,103,32,82,4.7,207259,1,0,0,0,1920,1080,1,1,0,0.0,1.0,0.0,512.0,2.9,1,3,3
0,3,15.6,102,8,75,2.4,41505,1,0,0,0,1920,1080,1,0,0,0.0,1.0,0.0,0.0,2.8,1,3,1
2,3,15.6,17,4,13,2.0,18594,0,0,0,0,1366,768,1,0,0,0.0,0.0,500.0,0.0,1.8,0,0,3
2,3,14.0,37,4,43,1.5,14811,0,0,0,0,1366,768,0,0,1,32.0,0.0,0.0,0.0,1.1,1,2,3
10,3,13.3,33,4,45,1.45,24503,0,0,0,0,1366,768,0,0,1,16.0,0.0,0.0,0.0,1.6,1,2,0
4,3,15.6,71,8,47,2.09,56633,1,0,0,0,1920,1080,0,1,0,0.0,0.0,0.0,256.0,2.4,1,2,3
0,2,11.6,34,4,40,1.4,14332,0,0,0,0,1366,768,0,0,1,32.0,0.0,0.0,0.0,1.6,1,2,3
0,3,14.0,36,4,41,1.68,18594,0,0,0,0,1366,768,0,0,1,32.0,0.0,0.0,0.0,1.6,1,2,0
7,3,17.3,0,6,29,2.65,30316,1,1,0,0,1920,1080,1,0,0,0.0,2.0,0.0,0.0,2.4,0,0,3
10,3,14.0,68,8,47,2.02,71395,1,0,0,0,1920,1080,0,1,0,0.0,0.0,0.0,256.0,2.3,1,2,3
7,3,15.6,73,8,69,2.04,45101,0,0,0,0,1366,768,1,0,0,0.0,1.0,0.0,0.0,2.5,1,3,3
7,3,15.6,74,8,53,2.04,29783,0,0,1,0,1366,768,1,0,0,0.0,1.0,0.0,0.0,2.5,1,2,3
4,3,17.3,97,8,30,2.83,46087,1,0,0,0,1920,1080,1,0,0,0.0,1.0,0.0,0.0,2.7,1,0,1
0,3,15.6,11,4,17,2.4,20619,0,0,0,0,1366,768,1,0,0,0.0,0.0,500.0,0.0,2.2,0,0,3
7,3,15.6,12,6,29,2.04,29303,1,0,0,0,1920,1080,0,0,0,0.0,0.0,0.0,0.0,2.9,0,0,3
10,0,13.3,89,16,47,1.3,79866,0,1,1,0,3200,1800,0,1,0,0.0,0.0,0.0,512.0,2.5,1,2,3
4,3,15.6,83,8,7,2.02,40439,1,0,0,0,1920,1080,1,0,0,0.0,2.0,0.0,0.0,1.6,1,0,3
10,3,14.0,78,8,53,1.32,87912,1,1,0,0,1920,1080,0,1,0,0.0,0.0,0.0,256.0,2.6,1,2,3
7,4,12.5,89,8,47,1.26,71874,1,0,0,0,1920,1080,0,1,0,0.0,0.0,0.0,256.0,2.5,1,2,3
2,3,14.0,97,8,53,2.0,58288,1,0,0,0,1920,1080,0,1,0,0.0,0.0,0.0,256.0,2.7,1,2,3
0,3,14.0,112,4,42,1.6,18594,0,0,0,0,1366,768,0,0,1,128.0,0.0,0.0,0.0,1.6,1,2,3
2,3,15.6,89,4,65,2.2,38378,0,0,0,0,1366,768,1,0,0,0.0,0.0,500.0,0.0,2.5,1,3,3
2,1,17.3,92,16,79,2.73,95850,1,0,0,0,1920,1080,1,1,0,0.0,1.0,0.0,512.0,2.6,1,3,3
16,3,13.3,68,4,47,1.2,63669,1,0,0,0,1920,1080,0,1,0,0.0,0.0,0.0,128.0,2.3,1,2,3
10,3,17.3,74,8,85,2.8,31381,0,0,0,0,1600,900,1,0,0,0.0,1.0,0.0,0.0,2.5,1,3,0
10,3,17.3,106,8,98,2.8,45234,1,0,0,0,1920,1080,1,0,0,0.0,2.0,0.0,0.0,1.8,1,3,0
4,3,15.6,74,4,53,1.9,43956,0,0,0,0,1366,768,1,0,0,0.0,0.0,500.0,0.0,2.5,1,2,3
16,3,15.6,55,4,47,2.1,23816,0,0,0,0,1366,768,1,0,0,0.0,0.0,500.0,0.0,2.2,1,2,3
0,0,11.6,40,4,41,1.25,20193,0,1,1,0,1366,768,0,0,1,32.0,0.0,0.0,0.0,1.6,1,2,0
6,4,12.3,82,8,52,1.1,83063,0,0,1,0,2400,1600,0,1,0,0.0,0.0,0.0,256.0,1.2,1,2,0
10,4,12.5,97,8,53,1.36,87912,1,1,0,0,1920,1080,0,1,0,0.0,0.0,0.0,256.0,2.7,1,2,3
15,4,13.3,97,16,53,0.81,87858,1,0,0,0,1920,1080,0,1,0,0.0,0.0,0.0,256.0,2.7,1,2,3
0,3,15.6,37,4,43,2.1,18541,0,0,0,0,1366,768,1,0,0,0.0,1.0,0.0,0.0,1.1,1,2,3
7,3,15.6,97,8,53,1.84,64948,1,0,0,0,1920,1080,0,1,0,0.0,0.0,0.0,256.0,2.7,1,2,3
10,0,13.3,97,8,53,1.37,104961,1,1,1,0,1920,1080,0,1,0,0.0,0.0,0.0,512.0,2.7,1,2,3
7,3,14.0,78,8,53,2.31,59886,0,0,0,0,1366,768,0,1,0,0.0,0.0,0.0,256.0,2.6,1,2,3
7,3,15.6,83,8,61,2.1,42304,1,0,0,0,1920,1080,1,0,0,0.0,1.0,0.0,0.0,1.6,1,2,3
7,3,15.6,4,6,7,2.1,28185,1,0,0,0,1920,1080,1,0,0,0.0,1.0,0.0,0.0,2.7,0,0,3
4,3,17.3,54,4,30,2.36,35111,0,0,0,0,1600,900,1,0,0,0.0,1.0,0.0,0.0,2.0,1,0,3
10,4,14.0,74,8,53,1.32,95850,1,1,0,0,1920,1080,0,1,0,0.0,0.0,0.0,256.0,2.5,1,2,3
10,3,15.6,74,8,53,1.95,74059,1,1,0,0,1920,1080,0,1,0,0.0,0.0,0.0,256.0,2.5,1,2,3
10,3,15.6,74,4,53,1.9,29250,1,0,0,0,1920,1080,1,0,0,0.0,1.0,0.0,0.0,2.5,1,2,3
4,3,15.6,97,16,30,2.32,52746,1,0,0,0,1920,1080,1,0,0,0.0,2.0,0.0,0.0,2.7,1,0,3
0,3,15.6,113,4,44,2.4,20246,0,0,0,0,1366,768,1,0,0,0.0,0.0,500.0,0.0,1.1,1,2,3
4,4,13.3,83,8,61,1.2,77250,1,0,0,0,1920,1080,0,1,0,0.0,0.0,0.0,256.0,1.6,1,2,3
4,3,15.6,97,8,24,2.3,42943,0,0,0,0,1366,768,1,0,0,0.0,1.0,0.0,0.0,2.7,1,0,1
4,0,13.3,59,4,53,1.71,34578,1,0,1,0,1920,1080,1,0,0,0.0,1.0,0.0,0.0,2.4,1,2,3
7,4,13.3,89,8,47,1.16,104908,1,0,0,0,1920,1080,0,1,0,0.0,0.0,0.0,512.0,2.5,1,2,3
10,3,15.6,74,8,53,2.3,44222,1,0,0,0,1920,1080,0,1,0,0.0,0.0,0.0,256.0,2.5,1,2,3
4,3,15.6,74,12,53,2.25,34578,0,0,0,0,1366,768,1,0,0,0.0,1.0,0.0,0.0,2.5,1,2,3
7,3,15.6,36,4,41,1.86,15930,0,0,0,0,1366,768,0,1,0,0.0,0.0,0.0,128.0,1.6,1,2,0
10,4,14.0,97,16,53,1.7,122490,1,0,0,0,1920,1080,0,1,0,0.0,0.0,0.0,512.0,2.7,1,2,3
10,1,15.6,102,16,76,2.5,57489,1,1,0,0,1920,1080,0,1,0,0.0,0.0,0.0,256.0,2.8,1,3,3
4,3,17.3,106,16,63,2.77,82530,1,0,1,0,1920,1080,0,1,0,0.0,0.0,0.0,512.0,1.8,1,3,3
0,3,15.6,102,8,76,2.5,52161,1,0,0,0,1920,1080,0,1,0,0.0,0.0,0.0,256.0,2.8,1,3,1
7,1,17.3,102,12,80,3.35,106506,1,0,0,0,1920,1080,1,1,0,0.0,1.0,0.0,256.0,2.8,1,3,3
4,3,15.6,56,4,22,2.18,24775,0,0,0,0,1366,768,1,0,0,0.0,1.0,0.0,0.0,2.0,1,0,1
0,3,17.3,83,8,98,3.0,45501,1,1,0,0,1920,1080,0,1,0,0.0,0.0,0.0,256.0,1.6,1,3,3
7,3,17.3,106,8,70,2.5,54239,1,0,0,0,1920,1080,1,0,0,0.0,1.0,0.0,0.0,1.8,1,3,3
0,3,15.6,74,4,53,2.4,29783,0,0,0,0,1366,768,1,0,0,0.0,0.0,500.0,0.0,2.5,1,2,3
10,3,13.3,74,8,53,1.44,50562,1,0,0,0,1920,1080,0,1,0,0.0,0.0,0.0,256.0,2.5,1,2,3
7,3,15.6,97,4,7,2.1,36709,1,1,0,0,1920,1080,1,0,0,0.0,0.0,500.0,0.0,2.7,1,0,3
4,3,15.6,54,4,24,2.25,22803,1,0,0,0,1920,1080,1,0,0,0.0,1.0,0.0,0.0,2.0,1,0,1
16,4,13.3,97,32,53,1.05,149130,1,0,1,0,1920,1080,0,1,0,0.0,0.0,0.0,512.0,2.7,1,2,3
0,3,15.6,32,4,40,2.2,11135,0,0,0,0,1366,768,0,1,0,0.0,0.0,0.0,16.0,1.5,1,2,0
10,4,14.0,97,16,53,1.13,139860,0,1,0,0,2560,1440,0,1,0,0.0,0.0,0.0,0.0,2.7,1,2,3
10,3,15.6,56,4,47,1.85,23922,1,0,0,0,1920,1080,1,0,0,0.0,1.0,0.0,0.0,2.0,1,2,3
16,3,15.6,89,16,68,2.4,75924,1,1,0,0,1920,1080,0,1,0,0.0,0.0,0.0,256.0,2.5,1,3,3
13,4,13.5,99,8,58,1.252,99519,0,0,1,0,2256,1504,0,1,0,0.0,0.0,0.0,256.0,2.8,1,2,3
11,1,17.3,102,16,79,2.43,109165,1,0,0,0,1920,1080,1,1,0,0.0,1.0,0.0,256.0,2.8,1,3,3
4,3,15.6,77,8,75,2.06,93186,0,0,1,0,3840,2160,0,1,0,0.0,0.0,0.0,256.0,2.5,1,3,3
10,3,15.6,56,4,47,1.85,22105,1,0,0,0,1920,1080,1,0,0,0.0,1.0,0.0,0.0,2.0,1,2,3
4,3,15.6,78,4,53,1.93,51095,0,0,0,0,1366,768,1,0,0,0.0,0.0,500.0,0.0,2.6,1,2,3
4,2,11.6,113,4,44,1.63,39640,0,0,0,0,1366,768,0,1,0,0.0,0.0,0.0,128.0,1.1,1,2,3
7,3,15.6,74,4,53,2.04,52161,0,0,0,0,1366,768,0,1,0,0.0,0.0,0.0,256.0,2.5,1,2,3
7,3,15.6,8,4,15,2.1,21205,1,0,0,0,1920,1080,1,0,0,0.0,1.0,0.0,0.0,2.5,0,0,3
2,4,13.3,45,8,46,1.2,38841,1,1,0,0,1920,1080,0,1,0,0.0,0.0,0.0,512.0,0.9,1,2,3
7,4,13.3,47,16,46,1.16,104695,0,1,1,0,3200,1800,0,1,0,0.0,0.0,0.0,512.0,1.2,1,2,3
4,5,15.6,72,8,2,2.23,72940,1,0,0,0,1920,1080,1,0,0,0.0,0.0,500.0,0.0,2.6,1,0,3
2,1,17.3,93,64,92,3.58,211788,1,1,0,0,1920,1080,0,1,0,0.0,0.0,0.0,0.0,2.7,1,3,3
2,1,17.3,92,16,90,4.0,53173,1,1,0,0,1920,1080,1,0,0,0.0,1.0,0.0,0.0,2.6,1,3,0
7,3,14.0,74,8,53,1.95,52214,1,0,0,0,1920,1080,0,1,0,0.0,0.0,0.0,256.0,2.5,1,2,3
10,3,14.0,60,8,53,1.7,31914,1,1,0,0,1920,1080,0,1,0,0.0,0.0,0.0,256.0,2.7,1,2,0
2,0,15.6,97,12,74,2.26,58554,1,0,1,0,1920,1080,1,1,0,0.0,2.0,0.0,512.0,2.7,1,3,3
10,3,15.6,5,12,7,2.2,50562,1,0,0,0,1920,1080,0,1,0,0.0,0.0,0.0,512.0,3.6,0,0,3
4,3,15.6,74,8,53,2.36,29696,0,0,1,0,1366,768,1,0,0,0.0,2.0,0.0,0.0,2.5,1,2,3
7,2,11.6,36,2,41,1.17,11135,0,0,0,0,1366,768,0,0,1,32.0,0.0,0.0,0.0,1.6,1,2,3
10,1,15.6,77,8,75,2.4,43103,1,1,0,0,1920,1080,1,1,0,0.0,1.0,0.0,128.0,2.5,1,3,0
15,3,15.6,102,16,75,2.5,90522,1,0,0,0,1920,1080,1,1,0,0.0,1.0,0.0,128.0,2.8,1,3,3
10,3,14.0,74,4,53,2.02,52747,0,0,0,0,1366,768,1,0,0,0.0,0.0,500.0,0.0,2.5,1,2,3
2,4,15.6,97,16,72,1.63,78215,1,0,0,0,1920,1080,0,1,0,0.0,0.0,0.0,512.0,2.7,1,3,3
7,4,15.6,14,4,6,1.91,26586,1,0,0,0,1920,1080,0,1,0,0.0,0.0,0.0,256.0,3.0,0,0,3
4,3,14.0,56,4,47,1.76,31168,0,0,0,0,1366,768,1,0,0,0.0,0.0,500.0,0.0,2.0,1,2,3
10,0,14.0,89,4,47,1.8,33992,1,1,1,0,1920,1080,0,1,0,0.0,0.0,0.0,128.0,2.5,1,2,3
11,1,17.3,102,8,79,2.7,79215,1,0,0,0,1920,1080,1,1,0,0.0,1.0,0.0,128.0,2.8,1,3,3
10,1,15.6,102,16,76,2.5,62817,1,1,0,0,1920,1080,1,1,0,0.0,1.0,0.0,256.0,2.8,1,3,3
12,3,14.0,30,2,40,1.4,12733,1,0,0,0,1920,1080,0,0,1,32.0,0.0,0.0,0.0,1.44,1,2,3
4,1,15.6,102,8,76,2.62,79813,0,0,0,0,3840,2160,1,1,0,0.0,1.0,0.0,128.0,2.8,1,3,3
10,3,11.6,37,2,43,1.15,16221,0,0,0,0,1366,768,0,0,1,32.0,0.0,0.0,0.0,1.1,1,2,3
11,1,17.3,94,16,93,3.78,127818,1,0,0,0,1920,1080,1,1,0,0.0,1.0,0.0,256.0,2.7,1,3,3
0,3,15.6,83,12,97,2.2,36975,0,1,0,0,1366,768,1,0,0,0.0,1.0,0.0,0.0,1.6,1,3,3
1,4,15.4,87,16,11,1.83,152274,0,1,0,1,2880,1800,0,1,0,0.0,0.0,0.0,512.0,2.9,1,0,2
10,3,15.6,74,8,53,2.2,31808,0,0,0,0,1366,768,0,1,0,0.0,0.0,0.0,256.0,2.5,1,2,3
2,1,15.6,92,8,89,2.591,48431,1,1,0,0,1920,1080,1,1,0,0.0,1.0,0.0,256.0,2.6,1,3,3
0,3,15.6,97,4,72,2.2,34045,1,0,0,0,1920,1080,1,0,0,0.0,0.0,500.0,0.0,2.7,1,3,3
7,3,14.0,106,8,61,1.63,57755,1,0,0,0,1920,1080,0,1,0,0.0,0.0,0.0,512.0,1.8,1,2,3
10,0,13.3,89,16,47,1.3,79866,0,1,1,0,3200,1800,0,1,0,0.0,0.0,0.0,512.0,2.5,1,2,3
4,3,15.6,97,8,24,2.3,42943,0,0,0,0,1366,768,1,0,0,0.0,1.0,0.0,0.0,2.7,1,0,1
4,4,13.3,106,16,61,1.2,99580,0,0,1,0,3200,1800,0,1,0,0.0,0.0,0.0,512.0,1.8,1,2,3
2,2,11.6,30,2,41,0.98,10224,0,0,0,0,1366,768,0,0,1,32.0,0.0,0.0,0.0,1.44,1,2,3
4,3,15.6,78,16,53,1.93,76012,1,0,0,0,1920,1080,0,1,0,0.0,0.0,0.0,512.0,2.6,1,2,3
16,4,13.3,89,8,47,1.2,72620,1,0,0,0,1920,1080,0,1,0,0.0,0.0,0.0,256.0,2.5,1,2,3
12,0,11.6,37,4,43,1.16,15930,1,1,1,0,1920,1080,0,1,0,0.0,0.0,0.0,32.0,1.1,1,2,3
7,3,15.6,68,8,47,2.31,62071,1,0,0,0,1920,1080,0,1,0,0.0,0.0,0.0,256.0,2.3,1,2,3
4,3,15.6,58,4,47,2.06,25679,0,0,0,0,1366,768,1,0,0,0.0,0.0,500.0,0.0,2.3,1,2,3
16,4,13.3,89,16,47,1.36,100006,1,0,1,0,1920,1080,0,1,0,0.0,0.0,0.0,512.0,2.5,1,2,3
0,3,14.0,33,4,45,1.45,19980,0,0,0,0,1366,768,0,0,1,32.0,0.0,0.0,0.0,1.6,1,2,0
0,3,13.3,68,4,47,1.6,34898,0,0,0,0,1366,768,0,1,0,0.0,0.0,0.0,128.0,2.3,1,2,3
16,3,15.6,74,8,53,2.0,56689,1,1,0,0,1920,1080,1,0,0,0.0,0.0,500.0,0.0,2.5,1,2,3
4,3,15.6,106,8,61,2.02,45554,1,0,0,0,1920,1080,1,1,0,0.0,1.0,0.0,128.0,1.8,1,2,3
10,0,13.3,97,8,53,1.37,93635,1,1,1,0,1920,1080,0,1,0,0.0,0.0,0.0,256.0,2.7,1,2,3
10,3,14.0,74,4,53,1.87,41824,1,0,0,0,1920,1080,1,0,0,0.0,0.0,500.0,0.0,2.5,1,2,3
7,3,15.6,59,8,70,2.1,38148,1,1,0,0,1920,1080,1,0,0,0.0,1.0,0.0,0.0,2.4,1,3,3
7,3,15.6,8,4,16,1.86,19660,0,0,0,0,1366,768,0,1,0,0.0,0.0,0.0,256.0,2.5,0,0,3
10,3,15.6,74,4,53,2.2,24881,1,0,0,0,1920,1080,1,0,0,0.0,1.0,0.0,0.0,2.5,1,2,0
4,3,15.6,102,32,75,2.06,140605,0,0,1,0,3840,2160,0,1,0,0.0,0.0,0.0,0.0,2.8,1,3,3
10,3,15.6,68,8,47,2.3,55922,1,0,0,0,1920,1080,0,1,0,0.0,0.0,0.0,256.0,2.3,1,2,3
2,3,15.6,106,8,72,1.7,59567,1,0,0,0,1920,1080,0,1,0,0.0,0.0,0.0,256.0,1.8,1,3,3
2,3,15.6,113,4,44,2.0,23922,0,0,0,0,1366,768,1,0,0,0.0,1.0,0.0,0.0,1.1,1,2,3
11,1,15.6,102,8,75,2.2,61218,1,0,0,0,1920,1080,1,1,0,0.0,1.0,0.0,128.0,2.8,1,3,3
10,1,17.3,93,32,93,4.6,172627,1,1,0,0,1920,1080,0,1,0,0.0,0.0,0.0,512.0,2.7,1,3,3
0,1,15.6,77,8,75,2.4,37775,1,0,0,0,1920,1080,1,0,0,0.0,1.0,0.0,0.0,2.5,1,3,1
0,3,15.6,60,4,97,2.2,30476,1,0,0,0,1920,1080,0,1,0,0.0,0.0,0.0,256.0,2.7,1,3,3
2,4,15.6,102,16,76,1.8,105654,1,0,0,0,1920,1080,0,1,0,0.0,0.0,0.0,512.0,2.8,1,3,3
1,4,12.0,44,8,49,0.92,62071,0,1,0,1,2304,1440,0,0,1,512.0,0.0,0.0,0.0,1.2,1,2,2
10,0,10.1,31,4,41,0.69,34433,0,1,1,0,1920,1200,0,0,1,64.0,0.0,0.0,0.0,1.44,1,2,3
10,1,17.3,93,32,80,4.6,141884,1,1,0,0,1920,1080,1,1,0,0.0,1.0,0.0,256.0,2.7,1,3,3
4,3,17.3,106,16,7,2.8,74378,1,0,0,0,1920,1080,1,1,0,0.0,2.0,0.0,256.0,1.8,1,0,3
10,3,15.6,68,4,47,2.1,26267,0,0,0,0,1366,768,0,1,0,0.0,0.0,0.0,128.0,2.3,1,2,3
10,4,14.0,68,4,47,1.7,58394,1,0,0,0,1920,1080,0,1,0,0.0,0.0,0.0,180.0,2.3,1,2,3
7,3,17.3,83,8,69,2.5,52054,1,0,0,0,1920,1080,1,1,0,0.0,1.0,0.0,128.0,1.6,1,3,3
4,5,15.6,102,8,108,2.06,93932,1,0,1,0,1920,1080,0,1,0,0.0,0.0,0.0,256.0,2.8,1,3,3
7,3,15.6,68,4,47,1.88,49656,0,0,0,0,1366,768,1,0,0,0.0,0.0,500.0,0.0,2.3,1,2,3
7,5,15.6,89,8,0,1.9,79653,1,0,0,0,1920,1080,0,1,0,0.0,0.0,0.0,256.0,2.5,1,0,3
4,3,15.6,71,8,47,2.09,55754,1,0,0,0,1920,1080,1,0,0,0.0,0.0,500.0,0.0,2.4,1,2,3
10,3,15.6,113,4,44,2.2,16463,0,0,0,0,1366,768,1,0,0,0.0,1.0,0.0,0.0,1.1,1,2,3
4,1,15.6,77,8,75,2.56,43636,1,0,0,0,1920,1080,1,0,0,0.0,1.0,0.0,0.0,2.5,1,3,3
4,3,15.6,112,4,40,2.2,17262,0,0,0,0,1366,768,1,0,0,0.0,0.0,500.0,0.0,1.6,1,2,1
0,3,14.0,74,8,53,1.56,48058,1,1,0,0,1920,1080,0,1,0,0.0,0.0,0.0,256.0,2.5,1,2,3
7,0,11.6,113,4,44,1.45,41292,0,0,1,0,1366,768,0,1,0,0.0,0.0,0.0,256.0,1.1,1,2,3
7,3,14.0,89,8,47,1.43,118761,1,0,0,0,1920,1080,0,1,0,0.0,0.0,0.0,256.0,2.5,1,2,3
7,0,13.3,99,8,53,1.28,136343,1,0,1,0,1920,1080,0,1,0,0.0,0.0,0.0,256.0,2.8,1,2,3
10,0,13.9,83,8,61,1.4,85194,1,1,1,0,1920,1080,0,1,0,0.0,0.0,0.0,256.0,1.6,1,2,3
7,0,11.6,37,8,43,1.4,26373,0,0,1,0,1366,768,0,0,1,64.0,0.0,0.0,0.0,1.1,1,2,0
4,4,13.3,106,8,61,1.2,74538,0,0,1,0,3200,1800,0,1,0,0.0,0.0,0.0,256.0,1.8,1,2,3
10,4,12.5,89,8,47,1.3,91294,1,1,1,0,1920,1080,0,1,0,0.0,0.0,0.0,256.0,2.5,1,2,3
10,3,14.0,37,4,43,1.44,13266,0,0,0,0,1366,768,0,0,1,64.0,0.0,0.0,0.0,1.1,1,2,3
0,1,15.6,77,8,75,2.4,42517,1,0,0,0,1920,1080,1,0,0,0.0,1.0,0.0,0.0,2.5,1,3,1
2,0,12.5,49,4,46,1.2,35644,1,0,1,0,1920,1080,0,0,1,64.0,0.0,0.0,0.0,0.9,1,2,0
0,4,13.3,81,8,52,1.12,52693,1,1,0,0,1920,1080,0,1,0,0.0,0.0,0.0,256.0,1.2,1,2,3
16,4,13.3,68,8,47,1.2,58341,0,0,0,0,1366,768,0,1,0,0.0,0.0,0.0,256.0,2.3,1,2,3
10,3,15.6,97,8,72,2.2,37775,1,0,0,0,1920,1080,1,0,0,0.0,1.0,0.0,0.0,2.7,1,3,0
4,3,15.6,74,4,40,2.25,29783,1,0,0,0,1920,1080,1,0,0,0.0,1.0,0.0,0.0,2.5,1,2,3
7,3,15.6,74,8,53,1.86,30636,1,0,0,0,1920,1080,0,1,0,0.0,0.0,0.0,256.0,2.5,1,2,0
7,3,15.6,74,8,53,2.04,42943,1,0,0,0,1920,1080,1,0,0,0.0,1.0,0.0,0.0,2.5,1,2,3
10,3,15.6,37,4,43,1.9,13445,0,0,0,0,1366,768,1,0,0,0.0,1.0,0.0,0.0,1.1,1,2,0
10,0,15.6,89,4,47,1.8,45128,1,1,1,0,1920,1080,0,1,0,0.0,0.0,0.0,256.0,2.5,1,2,3
4,3,15.6,74,8,53,1.98,38681,1,0,0,0,1920,1080,1,0,0,0.0,1.0,0.0,0.0,2.5,1,2,1
0,4,14.0,74,8,39,1.8,48964,1,1,0,0,1920,1080,0,1,0,0.0,0.0,0.0,256.0,2.5,1,2,3
7,4,13.3,97,8,53,1.34,61005,0,1,0,0,3200,1800,0,1,0,0.0,0.0,0.0,256.0,2.7,1,2,3
4,3,15.6,56,4,22,2.18,32921,0,0,0,0,1366,768,1,0,0,0.0,1.0,0.0,0.0,2.0,1,0,3
10,3,15.6,92,8,89,2.6,47898,1,1,0,0,1920,1080,1,0,0,0.0,1.0,0.0,0.0,2.6,1,3,3
7,3,15.6,12,6,29,2.04,29303,1,0,0,0,1920,1080,0,0,0,0.0,0.0,0.0,0.0,2.9,0,0,3
12,3,14.0,41,4,43,1.45,20725,1,1,0,0,1920,1080,0,1,0,0.0,0.0,0.0,32.0,1.1,1,2,3
2,3,17.3,113,4,66,2.8,24828,0,0,0,0,1366,768,1,0,0,0.0,1.0,0.0,0.0,1.1,1,3,3
7,1,17.3,102,8,75,3.35,63456,1,1,0,0,1920,1080,1,1,0,0.0,1.0,0.0,128.0,2.8,1,3,3
4,4,13.3,83,8,61,1.21,86793,1,1,0,0,1920,1080,0,1,0,0.0,0.0,0.0,256.0,1.6,1,2,3
4,3,15.6,74,8,53,2.18,39960,1,0,0,0,1920,1080,0,1,0,0.0,0.0,0.0,256.0,2.5,1,2,3
16,3,15.6,68,8,47,2.2,59620,0,0,0,0,1366,768,0,1,0,0.0,0.0,0.0,256.0,2.3,1,2,3
2,3,15.6,74,4,53,2.0,29783,1,0,0,0,1920,1080,0,1,0,0.0,0.0,0.0,256.0,2.5,1,2,1
16,3,13.3,68,8,47,1.2,77788,1,0,0,0,1920,1080,0,1,0,0.0,0.0,0.0,256.0,2.3,1,2,3
4,3,15.6,74,8,30,2.36,34045,0,0,0,0,1366,768,1,0,0,0.0,1.0,0.0,0.0,2.5,1,0,3
4,4,13.3,71,8,47,1.23,58554,0,0,1,0,3200,1800,0,1,0,0.0,0.0,0.0,256.0,2.4,1,2,1
7,2,12.5,78,8,53,1.26,74005,0,0,0,0,1366,768,0,1,0,0.0,0.0,0.0,256.0,2.6,1,2,3
4,3,15.6,97,8,30,2.33,41498,1,0,0,0,1920,1080,0,1,0,0.0,0.0,0.0,256.0,2.7,1,0,1
4,1,15.6,102,8,75,2.56,56502,1,0,0,0,1920,1080,1,1,0,0.0,1.0,0.0,128.0,2.8,1,3,3
7,3,17.3,106,16,98,2.9,56423,1,1,0,0,1920,1080,1,0,0,0.0,1.0,0.0,0.0,1.8,1,3,3
2,1,17.3,102,16,75,2.9,74964,1,0,0,0,1920,1080,1,1,0,0.0,1.0,0.0,256.0,2.8,1,3,3
7,0,13.3,74,8,53,1.28,121318,1,0,1,0,1920,1080,0,1,0,0.0,0.0,0.0,256.0,2.5,1,2,3
10,3,15.6,74,8,53,2.2,27652,1,0,0,0,1920,1080,1,0,0,0.0,2.0,0.0,0.0,2.5,1,2,0
4,3,15.6,97,8,30,2.33,47898,1,0,0,0,1920,1080,0,1,0,0.0,0.0,0.0,256.0,2.7,1,0,3
2,1,17.3,103,16,82,3.6,159786,1,0,0,0,1920,1080,0,1,0,0.0,0.0,0.0,256.0,2.9,1,3,3
7,3,15.6,74,8,69,2.04,47365,1,0,0,0,1920,1080,0,1,0,0.0,0.0,0.0,256.0,2.5,1,3,3
7,5,15.6,92,8,100,2.59,83170,1,0,0,0,1920,1080,0,1,0,0.0,0.0,0.0,256.0,2.6,1,3,3
10,4,14.0,97,8,53,1.13,121584,0,1,0,0,2560,1440,0,1,0,0.0,0.0,0.0,512.0,2.7,1,2,3
4,0,13.3,89,8,47,1.62,42517,1,0,1,0,1920,1080,0,1,0,0.0,0.0,0.0,256.0,2.5,1,2,3
7,3,15.6,58,4,47,2.07,34632,0,0,0,0,1366,768,1,0,0,0.0,0.0,500.0,0.0,2.3,1,2,3
7,3,15.6,97,8,1,1.9,67612,1,0,0,0,1920,1080,1,0,0,0.0,1.0,0.0,0.0,2.7,1,0,3
2,4,14.0,106,8,61,1.25,58554,1,0,0,0,1920,1080,0,1,0,0.0,0.0,0.0,256.0,1.8,1,2,3
0,3,17.3,56,4,72,3.3,31861,0,0,0,0,1600,900,1,0,0,0.0,1.0,0.0,0.0,2.0,1,3,3
4,0,17.3,83,12,63,2.77,53226,1,0,1,0,1920,1080,1,0,0,0.0,1.0,0.0,0.0,1.6,1,3,3
10,3,15.6,5,6,7,2.2,31838,1,0,0,0,1920,1080,0,1,0,0.0,0.0,0.0,256.0,3.6,0,0,3
10,3,15.6,89,8,66,2.2,33513,0,0,0,0,1366,768,1,0,0,0.0,0.0,500.0,0.0,2.5,1,3,0
7,3,15.6,106,8,61,2.1,48058,1,1,0,0,1366,768,1,0,0,0.0,1.0,0.0,0.0,1.8,1,2,3
2,0,12.5,50,8,46,1.2,61751,1,0,0,0,1920,1080,0,0,1,64.0,0.0,0.0,0.0,1.2,1,2,0
2,3,15.6,37,8,43,2.0,21258,0,0,0,0,1366,768,1,0,0,0.0,1.0,0.0,0.0,1.1,1,2,3
4,1,15.6,92,16,91,3.21,70809,0,0,0,0,3840,2160,1,1,0,0.0,1.0,0.0,256.0,2.6,1,3,3
10,3,17.3,11,4,17,2.6,26053,0,0,0,0,1600,900,0,1,0,0.0,0.0,0.0,128.0,2.2,0,0,3
4,3,15.6,106,16,7,2.02,55890,1,0,0,0,1920,1080,1,1,0,0.0,2.0,0.0,256.0,1.8,1,0,1
7,3,15.6,89,6,21,2.19,40705,0,0,0,0,1366,768,1,0,0,0.0,1.0,0.0,0.0,2.5,1,0,3
10,4,14.0,97,8,53,1.32,99047,1,0,0,0,1920,1080,0,1,0,0.0,0.0,0.0,256.0,2.7,1,2,3
10,0,14.0,59,4,53,1.74,33513,1,1,1,0,1920,1080,0,1,0,0.0,0.0,0.0,256.0,2.4,1,2,3
4,3,15.6,99,16,69,1.93,81912,1,0,0,0,1920,1080,0,1,0,0.0,0.0,0.0,256.0,2.8,1,3,3
12,3,13.3,41,4,43,1.2,19660,1,1,0,0,1920,1080,0,1,0,0.0,0.0,0.0,32.0,1.1,1,2,3
10,3,15.6,74,8,4,1.9,43316,1,0,0,0,1920,1080,1,1,0,0.0,1.0,0.0,128.0,2.5,1,0,3
10,3,15.6,56,4,47,2.2,23656,1,0,0,0,1920,1080,0,1,0,0.0,0.0,0.0,256.0,2.0,1,2,0
10,3,15.6,56,4,47,2.2,26586,1,0,0,0,1920,1080,0,1,0,0.0,0.0,0.0,128.0,2.0,1,2,3
7,3,14.0,74,4,53,2.31,63349,0,0,0,0,1366,768,1,0,0,0.0,0.0,500.0,0.0,2.5,1,2,3
0,3,15.6,56,4,72,2.23,28984,1,0,0,0,1920,1080,1,0,0,0.0,1.0,0.0,0.0,2.0,1,3,3
4,3,15.6,79,8,53,1.9,73366,1,0,0,0,1920,1080,0,1,0,0.0,0.0,0.0,256.0,2.8,1,2,3
4,0,15.6,106,16,61,2.0,68464,1,0,1,0,1920,1080,0,1,0,0.0,0.0,0.0,512.0,1.8,1,2,3
16,4,14.0,91,16,68,1.47,93985,1,1,0,0,1920,1080,0,1,0,0.0,0.0,0.0,512.0,2.6,1,3,3
16,3,15.6,74,8,53,2.0,50243,1,1,0,0,1920,1080,0,1,0,0.0,0.0,0.0,256.0,2.5,1,2,3
10,3,15.6,42,8,42,2.2,17529,0,0,0,0,1366,768,1,0,0,0.0,1.0,0.0,0.0,1.6,1,2,0
16,3,15.6,74,8,53,2.0,67026,1,1,0,0,1920,1080,0,1,0,0.0,0.0,0.0,256.0,2.5,1,2,3
16,3,15.6,59,4,53,2.0,35644,0,0,0,0,1366,768,1,0,0,0.0,0.0,500.0,0.0,2.4,1,2,3
13,4,13.5,100,16,58,1.25,137941,0,0,1,0,2256,1504,0,1,0,0.0,0.0,0.0,512.0,2.5,1,2,3
7,5,17.3,92,8,3,3.0,154458,1,1,0,0,1920,1080,1,0,0,0.0,1.0,0.0,0.0,2.6,1,0,3
4,3,15.6,68,4,47,2.09,27899,0,0,0,0,1366,768,1,0,0,0.0,0.0,500.0,0.0,2.3,1,2,1
4,3,15.6,83,8,7,2.2,38308,1,0,0,0,1920,1080,1,1,0,0.0,1.0,0.0,128.0,1.6,1,0,3
10,1,15.6,102,16,79,2.4,74485,1,0,0,0,1920,1080,0,1,0,0.0,0.0,0.0,512.0,2.8,1,3,0
7,3,13.3,74,8,53,1.49,51148,1,0,0,0,1920,1080,0,1,0,0.0,0.0,0.0,256.0,2.5,1,2,3
7,4,13.3,97,16,53,1.3,109170,0,1,0,0,3840,2160,0,1,0,0.0,0.0,0.0,512.0,2.7,1,2,3
7,3,15.6,74,4,6,1.86,32639,0,0,0,0,1366,768,1,0,0,0.0,0.0,500.0,0.0,2.5,1,0,3
7,0,13.3,91,8,47,1.48,95850,0,0,1,0,2560,1440,0,1,0,0.0,0.0,0.0,256.0,2.6,1,2,3
0,3,17.3,60,4,97,3.0,34898,1,1,0,0,1920,1080,1,0,0,0.0,1.0,0.0,0.0,2.7,1,3,3
16,3,13.3,74,8,53,1.05,78588,1,0,0,0,1920,1080,0,1,0,0.0,0.0,0.0,256.0,2.5,1,2,3
4,4,13.3,97,16,53,1.2,120093,0,0,1,0,3200,1800,0,1,0,0.0,0.0,0.0,0.0,2.7,1,2,3
10,3,15.6,91,8,47,2.3,81465,1,1,0,0,1920,1080,0,1,0,0.0,0.0,0.0,256.0,2.6,1,2,3
14,1,17.3,103,32,82,3.49,324954,0,0,1,0,3840,2160,0,1,0,0.0,0.0,0.0,0.0,2.9,1,3,3
15,4,15.0,97,16,72,1.23,98514,1,0,0,0,1920,1080,0,1,0,0.0,0.0,0.0,256.0,2.7,1,3,3
10,1,17.3,93,16,93,4.6,146519,1,1,0,0,1920,1080,0,1,0,0.0,0.0,0.0,256.0,2.7,1,3,3
4,4,12.5,99,16,53,1.18,99047,1,0,0,0,1920,1080,0,1,0,0.0,0.0,0.0,256.0,2.8,1,2,3
4,3,15.6,106,8,72,2.16,60223,1,1,0,0,1920,1080,1,1,0,0.0,1.0,0.0,256.0,1.8,1,3,3
4,3,15.6,83,8,6,2.2,34472,1,0,0,0,1920,1080,1,0,0,0.0,1.0,0.0,0.0,1.6,1,0,1
7,3,15.6,22,4,12,1.86,13746,0,0,0,0,1366,768,1,0,0,0.0,0.0,500.0,0.0,1.5,0,0,0
4,0,13.3,83,8,61,1.62,43636,1,0,1,0,1920,1080,0,1,0,0.0,0.0,0.0,256.0,1.6,1,2,3
0,3,15.6,97,8,72,2.23,39533,1,0,0,0,1920,1080,1,0,0,0.0,1.0,0.0,0.0,2.7,1,3,3
4,3,15.6,106,8,7,2.2,52480,1,0,0,0,1920,1080,1,1,0,0.0,2.0,0.0,128.0,1.8,1,0,3
7,3,15.6,112,4,42,1.96,26640,0,0,0,0,1366,768,1,0,0,0.0,1.0,0.0,0.0,1.6,1,2,3
7,3,15.6,8,4,16,1.86,21258,0,0,0,0,1366,768,1,0,0,0.0,0.0,500.0,0.0,2.5,0,0,3
10,0,14.0,74,8,53,1.7,53226,1,0,1,0,1920,1080,0,1,0,0.0,0.0,0.0,256.0,2.5,1,2,3
15,0,12.3,117,4,38,1.15,35111,0,1,1,0,2400,1600,0,0,1,32.0,0.0,0.0,0.0,2.0,2,1,0
10,3,15.6,113,4,44,2.2,18328,1,0,0,0,1920,1080,1,0,0,0.0,0.0,500.0,0.0,1.1,1,2,3
7,3,15.6,36,4,41,1.86,15392,0,0,0,0,1366,768,1,0,0,0.0,1.0,0.0,0.0,1.6,1,2,0
10,0,15.6,102,16,75,2.0,101178,0,1,1,0,3840,2160,0,1,0,0.0,0.0,0.0,512.0,2.8,1,3,3
4,3,14.0,56,4,47,1.6,39207,1,0,0,0,1920,1080,0,1,0,0.0,0.0,0.0,128.0,2.0,1,2,3
2,3,15.6,34,4,40,2.2,19660,0,0,0,0,1366,768,1,0,0,0.0,0.0,500.0,0.0,1.6,1,2,3
10,3,14.0,74,8,66,1.87,45664,1,1,0,0,1920,1080,0,1,0,0.0,0.0,0.0,256.0,2.5,1,3,3
10,3,15.6,74,6,66,2.4,37029,1,0,0,0,1920,1080,0,1,0,0.0,0.0,0.0,256.0,2.5,1,3,3
1,4,12.0,44,8,46,0.92,68145,0,1,0,1,2304,1440,0,0,1,512.0,0.0,0.0,0.0,1.2,1,2,2
10,3,14.0,74,8,72,1.5,58554,1,1,0,0,1920,1080,0,1,0,0.0,0.0,0.0,256.0,2.5,1,3,3
16,3,14.0,108,4,45,1.75,26586,0,0,0,0,1366,768,0,1,0,0.0,0.0,0.0,128.0,2.1,1,2,3
4,1,15.6,102,16,79,2.65,98301,0,1,0,0,3840,2160,1,1,0,0.0,1.0,0.0,512.0,2.8,1,3,3
4,3,14.0,78,8,53,1.36,76030,1,0,0,0,1920,1080,0,1,0,0.0,0.0,0.0,256.0,2.6,1,2,3
10,0,13.9,106,8,61,1.37,98514,1,1,1,0,1920,1080,0,1,0,0.0,0.0,0.0,512.0,1.8,1,2,3
4,5,15.6,102,8,101,1.78,144495,0,0,1,0,3840,2160,0,1,0,0.0,0.0,0.0,256.0,2.8,1,3,3
0,3,15.6,36,4,41,2.4,15397,0,0,0,0,1366,768,1,0,0,0.0,0.0,500.0,0.0,1.6,1,2,1
4,4,13.3,106,8,7,1.4,50882,1,1,0,0,1920,1080,0,1,0,0.0,0.0,0.0,256.0,1.8,1,0,3
4,3,15.6,106,8,6,2.13,40908,1,0,0,0,1920,1080,0,1,0,0.0,0.0,0.0,256.0,1.8,1,0,3
10,3,15.6,68,8,21,2.32,31914,1,0,0,0,1920,1080,1,0,0,0.0,1.0,0.0,0.0,2.3,1,0,0
11,1,15.6,77,8,75,2.2,53168,1,0,0,0,1920,1080,0,1,0,0.0,0.0,0.0,256.0,2.5,1,3,3
10,3,15.6,0,6,18,2.4,26586,1,0,0,0,1920,1080,1,0,0,0.0,1.0,0.0,0.0,2.4,0,0,3
7,3,15.6,22,4,12,2.1,18594,1,0,0,0,1920,1080,1,0,0,0.0,0.0,500.0,0.0,1.5,0,0,3
2,3,15.6,14,4,22,2.03,21471,0,0,0,0,1366,768,1,0,0,0.0,1.0,0.0,0.0,3.0,0,0,3
2,4,13.3,74,8,53,1.2,60153,0,1,0,0,3200,1800,0,1,0,0.0,0.0,0.0,256.0,2.5,1,2,3
7,3,15.6,68,4,47,2.1,25414,0,0,0,0,1366,768,1,0,0,0.0,0.0,500.0,0.0,2.3,1,2,0
7,3,14.0,36,4,41,1.44,12201,0,0,0,0,1366,768,0,1,0,0.0,0.0,0.0,32.0,1.6,1,2,3
16,4,14.0,97,16,53,1.24,99367,1,0,1,0,1920,1080,0,1,0,0.0,0.0,0.0,512.0,2.7,1,2,3
11,1,17.3,92,16,79,2.43,141138,0,1,0,0,3840,2160,1,1,0,0.0,2.0,0.0,512.0,2.6,1,3,3
0,3,15.6,106,8,98,3.0,50669,1,1,0,0,1920,1080,0,1,0,0.0,0.0,0.0,256.0,1.8,1,3,3
7,5,17.3,115,16,102,3.0,233845,1,1,0,0,1920,1080,0,1,0,0.0,0.0,0.0,256.0,2.9,1,3,3
2,3,15.6,89,4,65,2.2,38378,0,0,0,0,1366,768,1,0,0,0.0,0.0,500.0,0.0,2.5,1,3,3
10,3,15.6,54,8,47,2.2,24455,0,0,0,0,1366,768,1,0,0,0.0,1.0,0.0,0.0,2.0,1,2,3
7,2,12.5,68,4,47,2.4,85194,0,0,0,0,1366,768,0,1,0,0.0,0.0,0.0,128.0,2.3,1,2,3
2,3,15.6,14,4,22,1.68,24988,0,0,0,0,1366,768,1,0,0,0.0,1.0,0.0,0.0,3.0,0,0,3
10,3,15.6,8,4,5,2.2,21258,1,0,0,0,1920,1080,0,1,0,0.0,0.0,0.0,128.0,2.5,0,0,3
2,1,17.3,26,16,37,3.25,117162,1,1,0,0,1920,1080,1,1,0,0.0,1.0,0.0,256.0,3.0,0,0,3
10,1,15.6,77,8,75,2.4,41505,1,1,0,0,1920,1080,0,1,0,0.0,0.0,0.0,256.0,2.5,1,3,0
4,3,14.0,79,8,53,1.6,64202,1,0,0,0,1920,1080,0,1,0,0.0,0.0,0.0,256.0,2.8,1,2,3
10,2,11.6,36,4,41,1.4,25308,0,0,1,0,1366,768,0,1,0,0.0,0.0,0.0,128.0,1.6,1,2,3
7,4,15.6,97,8,53,1.84,74005,1,0,0,0,1920,1080,0,1,0,0.0,0.0,0.0,512.0,2.7,1,2,3
10,3,14.0,97,8,72,1.87,45767,1,1,0,0,1920,1080,0,1,0,0.0,0.0,0.0,256.0,2.7,1,3,3
2,1,17.3,102,16,93,4.3,95850,1,0,0,0,1920,1080,1,1,0,0.0,1.0,0.0,256.0,2.8,1,3,3
4,4,12.5,99,8,53,1.6,90043,1,0,0,0,1920,1080,0,1,0,0.0,0.0,0.0,256.0,2.8,1,2,3
7,0,13.3,74,4,53,1.28,95850,1,0,1,0,1920,1080,0,1,0,0.0,0.0,0.0,256.0,2.5,1,2,3
0,3,15.6,11,8,17,2.23,24988,1,0,0,0,1920,1080,0,1,0,0.0,0.0,0.0,256.0,2.2,0,0,3
7,3,13.3,59,4,53,1.49,38308,1,0,0,0,1920,1080,0,1,0,0.0,0.0,0.0,128.0,2.4,1,2,3
11,1,14.0,92,16,91,1.7,94252,1,0,0,0,1920,1080,1,1,0,0.0,1.0,0.0,256.0,2.6,1,3,3
4,0,13.3,83,8,61,1.55,35111,1,0,1,0,1920,1080,1,0,0,0.0,1.0,0.0,0.0,1.6,1,2,3
7,5,15.6,102,8,103,3.14,110017,1,0,0,0,1920,1080,0,1,0,0.0,0.0,0.0,256.0,2.8,1,3,3
4,5,15.6,114,16,101,2.8,162770,0,0,0,0,3840,2160,1,1,0,0.0,1.0,0.0,256.0,3.0,1,3,3
10,1,15.6,92,8,87,3.31,63722,1,1,0,0,1920,1080,1,1,0,0.0,1.0,0.0,128.0,2.6,1,3,3
10,0,14.0,74,8,53,1.42,124142,0,1,1,0,2560,1440,0,1,0,0.0,0.0,0.0,256.0,2.5,1,2,3
4,1,15.6,102,16,79,2.65,79866,1,1,0,0,1920,1080,1,1,0,0.0,1.0,0.0,256.0,2.8,1,3,3
7,3,14.0,74,8,53,1.64,53839,1,0,0,0,1920,1080,0,1,0,0.0,0.0,0.0,256.0,2.5,1,2,3
4,1,15.6,102,16,76,2.65,71874,1,1,0,0,1920,1080,1,1,0,0.0,1.0,0.0,128.0,2.8,1,3,3
10,1,15.6,102,16,76,2.4,63882,1,0,0,0,1920,1080,0,1,0,0.0,0.0,0.0,512.0,2.8,1,3,3
0,1,15.6,77,8,75,2.5,45074,1,1,0,0,1920,1080,0,1,0,0.0,0.0,0.0,256.0,2.5,1,3,3
10,3,15.6,59,8,72,2.2,26586,1,0,0,0,1920,1080,1,0,0,0.0,1.0,0.0,0.0,2.4,1,3,0
7,3,15.6,74,4,53,1.86,20986,0,0,0,0,1366,768,1,0,0,0.0,0.0,500.0,0.0,2.5,1,2,0
4,3,15.6,102,16,75,2.06,108020,0,0,1,0,3840,2160,0,1,0,0.0,0.0,0.0,512.0,2.8,1,3,3
10,3,15.6,97,8,55,1.95,58448,1,1,0,0,1920,1080,0,1,0,0.0,0.0,0.0,256.0,2.7,1,2,3
7,3,13.3,74,8,53,1.34,63349,1,1,0,0,1920,1080,0,1,0,0.0,0.0,0.0,256.0,2.5,1,2,3
11,1,17.3,102,8,76,2.7,71847,1,0,0,0,1920,1080,1,1,0,0.0,1.0,0.0,128.0,2.8,1,3,3
2,1,17.3,102,8,75,3.0,62231,1,0,0,0,1920,1080,1,1,0,0.0,1.0,0.0,128.0,2.8,1,3,3
10,3,15.6,97,4,53,1.85,41505,1,0,0,0,1920,1080,1,0,0,0.0,1.0,0.0,0.0,2.7,1,2,3
10,1,15.6,102,8,79,2.4,61218,1,1,0,0,1920,1080,1,1,0,0.0,1.0,0.0,256.0,2.8,1,3,0
4,1,15.6,77,8,79,2.65,63669,1,0,0,0,1920,1080,0,1,0,0.0,0.0,0.0,256.0,2.5,1,3,3
10,3,15.6,74,8,53,2.2,29250,1,0,0,0,1920,1080,0,1,0,0.0,0.0,0.0,256.0,2.5,1,2,0
2,1,15.6,102,8,76,2.5,67399,1,0,0,0,1920,1080,1,1,0,0.0,1.0,0.0,128.0,2.8,1,3,3
7,3,13.3,74,4,53,1.32,37242,1,1,0,0,1920,1080,0,1,0,0.0,0.0,0.0,256.0,2.5,1,2,3
7,3,17.3,97,8,69,2.63,63936,1,0,0,0,1920,1080,0,1,0,0.0,0.0,0.0,256.0,2.7,1,3,3
11,1,17.3,102,8,76,2.7,63882,1,0,0,0,1920,1080,1,1,0,0.0,1.0,0.0,256.0,2.8,1,3,3
4,4,14.0,74,8,53,1.36,87325,1,0,0,0,1920,1080,0,1,0,0.0,0.0,0.0,256.0,2.5,1,2,3
2,1,17.3,93,32,82,3.8,149130,1,1,0,0,1920,1080,0,1,0,0.0,0.0,0.0,512.0,2.7,1,3,3
2,1,15.6,92,8,79,2.2,62284,1,0,0,0,1920,1080,1,0,0,0.0,1.0,0.0,0.0,2.6,1,3,3
4,0,13.3,105,16,52,1.22,87858,1,0,1,0,1920,1080,0,1,0,0.0,0.0,0.0,256.0,1.3,1,2,3
2,4,14.0,97,8,72,1.3,63563,1,1,0,0,1920,1080,0,1,0,0.0,0.0,0.0,256.0,2.7,1,3,3
4,3,14.0,74,8,53,1.6,45767,1,0,0,0,1920,1080,0,1,0,0.0,0.0,0.0,256.0,2.5,1,2,3
4,5,15.6,94,8,101,2.0,113752,1,1,0,0,1920,1080,0,1,0,0.0,0.0,0.0,256.0,2.7,1,3,3
4,3,15.6,54,4,47,2.18,29762,0,0,0,0,1366,768,1,0,0,0.0,1.0,0.0,0.0,2.0,1,2,3
7,2,12.5,47,8,46,0.97,101658,1,0,0,0,1920,1080,0,1,0,0.0,0.0,0.0,512.0,1.2,1,2,3
7,3,14.0,74,8,69,1.64,55904,1,0,0,0,1920,1080,0,1,0,0.0,0.0,0.0,256.0,2.5,1,3,3
7,2,11.6,36,2,41,1.17,11135,0,0,0,0,1366,768,0,0,1,32.0,0.0,0.0,0.0,1.6,1,2,3
2,1,15.6,102,16,79,2.2,77202,1,1,0,0,1920,1080,1,1,0,0.0,1.0,0.0,128.0,2.8,1,3,3
4,3,15.6,83,8,6,2.2,35964,1,0,0,0,1920,1080,1,0,0,0.0,1.0,0.0,0.0,1.6,1,0,3
10,3,14.0,83,8,35,1.75,59461,1,1,0,0,1920,1080,0,1,0,0.0,0.0,0.0,256.0,1.6,1,0,3
0,0,13.3,83,8,61,1.6,53226,1,1,1,0,1920,1080,0,1,0,0.0,0.0,0.0,256.0,1.6,1,2,3
4,1,15.6,92,16,89,2.72,58554,0,1,1,0,3840,2160,1,1,0,0.0,1.0,0.0,128.0,2.6,1,3,3
0,3,17.3,60,4,97,3.0,37402,1,1,0,0,1920,1080,0,1,0,0.0,0.0,0.0,256.0,2.7,1,3,3
4,1,17.3,103,16,80,4.42,149130,0,1,0,0,2560,1440,1,1,0,0.0,1.0,0.0,256.0,2.9,1,3,3
10,0,10.1,31,4,41,0.69,29250,0,1,1,0,1920,1200,0,0,1,64.0,0.0,0.0,0.0,1.44,1,2,0
11,1,17.3,93,16,91,4.14,117162,1,0,0,0,1920,1080,1,1,0,0.0,1.0,0.0,128.0,2.7,1,3,3
1,4,13.3,67,8,59,1.37,108691,0,1,0,1,2560,1600,0,1,0,0.0,0.0,0.0,512.0,3.1,1,2,2
7,3,15.6,83,8,70,2.1,46833,1,0,0,0,1920,1080,0,1,0,0.0,0.0,0.0,256.0,1.6,1,3,3
17,3,13.3,27,4,41,1.35,10442,1,0,0,0,1920,1080,0,0,1,32.0,0.0,0.0,0.0,1.44,1,2,3
1,4,13.3,62,8,51,1.35,58554,0,0,0,0,1440,900,0,0,1,128.0,0.0,0.0,0.0,1.6,1,2,2
2,3,15.6,37,4,43,2.0,18061,0,0,0,0,1366,768,1,0,0,0.0,1.0,0.0,0.0,1.1,1,2,3
7,3,15.6,59,4,53,2.04,41025,0,0,0,0,1366,768,0,1,0,0.0,0.0,0.0,256.0,2.4,1,2,3
10,3,15.6,92,8,89,2.6,47898,1,1,0,0,1920,1080,1,0,0,0.0,1.0,0.0,0.0,2.6,1,3,3
4,3,15.6,36,4,40,2.2,14646,0,0,0,0,1366,768,1,0,0,0.0,0.0,500.0,0.0,1.6,1,2,1
2,1,15.6,102,8,95,2.24,71341,1,0,0,0,1920,1080,1,1,0,0.0,1.0,0.0,128.0,2.8,1,3,3
13,4,13.5,74,8,53,1.252,71395,0,0,1,0,2256,1504,0,1,0,0.0,0.0,0.0,256.0,2.5,1,2,3
4,1,17.3,102,16,80,4.36,168045,0,1,0,0,3840,2160,1,1,0,0.0,1.0,0.0,512.0,2.8,1,3,3
10,5,15.6,99,16,107,2.5,175770,0,1,0,0,3840,2160,0,1,0,0.0,0.0,0.0,0.0,2.8,1,3,3
10,1,15.6,102,4,75,2.4,53226,1,1,0,0,1920,1080,1,0,0,0.0,1.0,0.0,0.0,2.8,1,3,3
2,3,15.6,74,8,53,2.37,58554,1,0,0,0,1920,1080,0,1,0,0.0,0.0,0.0,256.0,2.5,1,2,3
10,3,13.3,74,4,53,1.44,46939,1,0,0,0,1920,1080,0,1,0,0.0,0.0,0.0,128.0,2.5,1,2,3
7,3,15.6,74,8,53,1.91,31381,0,0,0,0,1366,768,0,1,0,0.0,0.0,0.0,128.0,2.5,1,2,3
4,3,14.0,74,4,53,1.6,46620,0,0,0,0,1366,768,1,0,0,0.0,0.0,500.0,0.0,2.5,1,2,3
4,4,13.3,100,16,58,1.29,119347,0,0,1,0,3200,1800,0,1,0,0.0,0.0,0.0,512.0,2.5,1,2,3
10,3,13.3,59,8,53,1.4,50562,1,1,0,0,1920,1080,0,1,0,0.0,0.0,0.0,256.0,2.4,1,2,3
7,2,12.5,97,8,53,1.26,79014,1,0,0,0,1920,1080,0,1,0,0.0,0.0,0.0,512.0,2.7,1,2,3
1,4,13.3,65,8,58,1.37,80908,0,1,0,1,2560,1600,0,1,0,0.0,0.0,0.0,256.0,2.3,1,2,2
0,3,15.6,106,8,98,2.2,44808,1,1,0,0,1920,1080,0,1,0,0.0,0.0,0.0,256.0,1.8,1,3,3
10,3,15.6,70,4,86,2.3,52054,1,1,0,0,1920,1080,1,0,0,0.0,1.0,0.0,0.0,2.3,1,3,3
4,3,17.3,83,8,7,2.8,57808,1,0,0,0,1920,1080,1,1,0,0.0,1.0,0.0,128.0,1.6,1,0,3
4,3,15.6,35,4,41,1.8,16463,0,0,0,0,1366,768,1,0,0,0.0,0.0,500.0,0.0,1.6,1,2,3
7,3,15.6,112,8,42,2.04,20725,0,0,0,0,1366,768,1,0,0,0.0,2.0,0.0,0.0,1.6,1,2,3
10,3,15.6,13,4,7,2.2,21258,1,0,0,0,1920,1080,0,1,0,0.0,0.0,0.0,256.0,2.9,0,0,3
16,3,14.0,68,4,47,1.75,54345,0,1,0,0,1366,768,0,1,0,0.0,0.0,0.0,128.0,2.3,1,2,3
7,0,13.3,97,16,53,1.42,74538,0,0,1,0,3200,1800,0,1,0,0.0,0.0,0.0,256.0,2.7,1,2,3
2,3,15.6,74,8,72,2.3,27864,0,0,0,0,1366,768,1,0,0,0.0,1.0,0.0,0.0,2.5,1,3,1
7,3,15.6,56,4,47,2.1,18594,1,0,0,0,1920,1080,1,0,0,0.0,0.0,500.0,0.0,2.0,1,2,0
11,1,15.6,77,8,75,2.2,59668,1,0,0,0,1920,1080,1,1,0,0.0,1.0,0.0,128.0,2.5,1,3,3
7,4,14.0,91,8,47,1.43,77202,1,0,0,0,1920,1080,0,1,0,0.0,0.0,0.0,256.0,2.6,1,2,3
2,4,15.6,74,8,72,1.7,52054,1,0,0,0,1920,1080,0,1,0,0.0,0.0,0.0,256.0,2.5,1,3,3
7,3,15.6,58,4,47,2.31,37570,0,0,0,0,1366,768,1,0,0,0.0,0.0,500.0,0.0,2.3,1,2,3
10,3,15.6,5,12,7,2.2,47898,1,0,0,0,1920,1080,1,0,0,0.0,2.0,0.0,0.0,3.6,0,0,3
7,3,15.6,104,8,55,2.31,76030,1,0,0,0,1920,1080,0,1,0,0.0,0.0,0.0,256.0,2.9,1,2,3
11,1,17.3,103,16,80,4.14,145401,1,0,0,0,1920,1080,1,1,0,0.0,1.0,0.0,512.0,2.9,1,3,3
7,3,17.3,56,8,47,2.65,28992,0,0,0,0,1600,900,1,0,0,0.0,1.0,0.0,0.0,2.0,1,2,3
7,3,15.6,83,4,61,2.04,27783,0,0,1,0,1366,768,1,0,0,0.0,1.0,0.0,0.0,1.6,1,2,3
0,3,14.0,59,4,53,1.8,33886,1,1,0,0,1920,1080,0,1,0,0.0,0.0,0.0,128.0,2.4,1,2,3
7,3,15.6,89,8,47,1.96,36177,1,0,0,0,1920,1080,0,1,0,0.0,0.0,0.0,256.0,2.5,1,2,3
4,3,15.6,56,4,47,2.29,26107,0,0,0,0,1366,768,1,0,0,0.0,0.0,500.0,0.0,2.0,1,2,3
7,2,11.6,36,4,41,1.23,20512,0,0,0,0,1366,768,0,0,1,16.0,0.0,0.0,0.0,1.6,1,2,0
4,3,15.6,74,4,24,2.25,31914,0,0,0,0,1366,768,1,0,0,0.0,0.0,500.0,0.0,2.5,1,0,3
4,4,15.6,83,8,7,1.9,35324,1,0,0,0,1920,1080,1,0,0,0.0,1.0,0.0,0.0,1.6,1,0,3
4,5,15.6,94,16,108,2.17,124568,1,1,0,0,1920,1080,0,1,0,0.0,0.0,0.0,512.0,2.7,1,3,3
2,0,11.6,37,2,43,1.1,14652,0,0,1,0,1366,768,0,0,1,32.0,0.0,0.0,0.0,1.1,1,2,3
10,3,14.0,36,2,41,1.42,13266,0,0,0,0,1366,768,0,0,1,32.0,0.0,0.0,0.0,1.6,1,2,3
4,0,15.6,74,8,53,2.191,53226,1,1,1,0,1920,1080,0,1,0,0.0,0.0,0.0,256.0,2.5,1,2,3
4,3,15.6,68,4,20,2.24,40980,0,0,0,0,1366,768,1,0,0,0.0,0.0,500.0,0.0,2.3,1,0,3
4,3,17.3,101,8,79,4.42,109010,1,1,0,0,1920,1080,1,0,0,0.0,1.0,0.0,0.0,2.7,1,3,3
15,4,13.3,97,8,53,1.31,85194,1,0,1,0,1920,1080,0,1,0,0.0,0.0,0.0,256.0,2.7,1,2,3
4,0,13.3,74,8,53,1.6,63882,1,1,1,0,1920,1080,0,1,0,0.0,0.0,0.0,256.0,2.5,1,2,3
7,3,15.6,89,6,21,2.19,40705,0,0,0,0,1366,768,1,0,0,0.0,1.0,0.0,0.0,2.5,1,0,3
2,3,15.6,59,6,65,2.0,30742,1,0,0,0,1920,1080,0,1,0,0.0,0.0,0.0,256.0,2.4,1,3,3
14,1,14.0,102,16,79,1.95,186426,1,0,0,0,1920,1080,0,1,0,0.0,0.0,0.0,0.0,2.8,1,3,3
10,3,15.6,56,4,47,2.2,21791,1,0,0,0,1920,1080,1,0,0,0.0,0.0,500.0,0.0,2.0,1,2,3
7,3,14.0,68,8,47,1.43,78268,1,0,0,0,1920,1080,0,1,0,0.0,0.0,0.0,256.0,2.3,1,2,3
4,3,17.3,106,8,7,2.8,57808,1,0,0,0,1920,1080,1,1,0,0.0,1.0,0.0,128.0,1.8,1,0,3
10,3,14.0,77,8,55,1.7,78534,1,1,0,0,1920,1080,0,1,0,0.0,0.0,0.0,256.0,2.5,1,2,3
11,1,17.3,92,8,90,2.6,85194,1,0,0,0,1920,1080,0,1,0,0.0,0.0,0.0,256.0,2.6,1,3,3
0,3,15.6,74,6,53,2.23,29250,0,0,0,0,1366,768,1,0,0,0.0,1.0,0.0,0.0,2.5,1,2,3
10,1,15.6,102,16,76,2.4,60153,1,1,0,0,1920,1080,1,1,0,0.0,2.0,0.0,256.0,2.8,1,3,3
4,1,15.6,103,16,80,3.49,149916,1,0,0,0,1920,1080,1,1,0,0.0,1.0,0.0,256.0,2.9,1,3,3
7,3,15.6,97,8,7,2.1,39693,1,0,0,0,1920,1080,1,0,0,0.0,1.0,0.0,0.0,2.7,1,0,3
11,1,15.6,102,16,79,2.4,95850,1,1,0,0,1920,1080,1,1,0,0.0,1.0,0.0,256.0,2.8,1,3,3
10,3,14.0,83,8,61,1.75,55890,1,1,0,0,1920,1080,0,1,0,0.0,0.0,0.0,256.0,1.6,1,2,3
16,3,15.6,89,16,68,2.4,74751,1,1,0,0,1920,1080,0,1,0,0.0,0.0,0.0,512.0,2.5,1,3,3
7,3,17.3,74,8,69,2.63,48484,0,0,0,0,1600,900,1,0,0,0.0,1.0,0.0,0.0,2.5,1,3,3
10,3,17.3,94,16,99,2.4,158135,0,1,0,0,3840,2160,0,1,0,0.0,0.0,0.0,512.0,2.7,1,3,3
7,3,13.3,83,4,61,1.49,38681,1,1,0,0,1920,1080,0,1,0,0.0,0.0,0.0,128.0,1.6,1,2,3
2,3,15.6,102,16,79,2.2,93186,1,0,0,0,1920,1080,1,1,0,0.0,1.0,0.0,128.0,2.8,1,3,3
1,4,15.4,84,16,60,2.04,114017,0,1,0,1,2880,1800,0,0,1,256.0,0.0,0.0,0.0,2.2,1,2,2
10,1,15.6,102,8,77,2.5,59087,1,1,0,0,1920,1080,1,1,0,0.0,1.0,0.0,128.0,2.8,1,3,3
7,3,14.0,97,8,53,1.48,68837,1,0,0,0,1920,1080,0,1,0,0.0,0.0,0.0,256.0,2.7,1,2,3
11,1,17.3,102,16,76,2.7,79536,1,0,0,0,1920,1080,1,1,0,0.0,1.0,0.0,256.0,2.8,1,3,3
10,3,15.6,104,16,104,2.5,130482,1,0,0,0,1920,1080,0,1,0,0.0,0.0,0.0,512.0,2.9,1,3,3
10,0,13.3,74,8,53,1.37,74538,1,1,1,0,1920,1080,0,1,0,0.0,0.0,0.0,256.0,2.5,1,2,3
7,5,15.6,102,8,101,2.6,92615,1,0,0,0,1920,1080,0,1,0,0.0,0.0,0.0,256.0,2.8,1,3,3
4,1,15.6,102,8,75,2.62,47898,1,0,0,0,1920,1080,0,0,0,0.0,0.0,0.0,0.0,2.8,1,3,3
4,1,15.6,102,16,76,2.6,71874,1,0,0,0,1920,1080,1,1,0,0.0,1.0,0.0,128.0,2.8,1,3,3
10,2,11.6,36,4,41,1.25,14119,0,0,0,0,1366,768,0,1,0,0.0,0.0,0.0,16.0,1.6,1,2,0
7,4,14.0,80,4,53,1.48,57648,1,0,0,0,1920,1080,0,1,0,0.0,0.0,0.0,256.0,2.7,1,2,3
4,3,15.6,56,8,47,2.0,35431,0,0,0,0,1366,768,0,1,0,0.0,0.0,0.0,256.0,2.0,1,2,3
4,1,15.6,77,16,79,3.21,109277,1,0,0,0,1920,1080,1,1,0,0.0,1.0,0.0,128.0,2.5,1,3,3
4,3,14.0,74,8,53,1.6,60031,0,0,0,0,1366,768,0,1,0,0.0,0.0,0.0,256.0,2.5,1,2,3
4,3,15.6,106,8,7,2.2,48964,1,0,0,0,1920,1080,0,1,0,0.0,0.0,0.0,256.0,1.8,1,0,3
10,1,17.3,92,16,93,4.6,122010,1,1,0,0,1920,1080,1,1,0,0.0,1.0,0.0,128.0,2.6,1,3,3
10,4,14.0,91,12,47,1.4,122490,1,0,0,0,1920,1080,0,1,0,0.0,0.0,0.0,512.0,2.6,1,2,3
10,3,15.6,74,8,24,1.9,43580,1,0,0,0,1920,1080,1,1,0,0.0,1.0,0.0,128.0,2.5,1,0,3
10,1,15.6,92,16,87,3.31,69530,1,1,0,0,1920,1080,0,1,0,0.0,0.0,0.0,512.0,2.6,1,3,3
7,3,17.3,83,8,69,2.5,49177,1,0,0,0,1920,1080,0,1,0,0.0,0.0,0.0,256.0,1.6,1,3,3
7,3,15.6,15,6,6,2.1,34632,1,0,0,0,1920,1080,1,1,0,0.0,1.0,0.0,128.0,3.0,0,0,3
0,0,13.3,83,8,61,1.5,45128,1,1,1,0,1920,1080,0,1,0,0.0,0.0,0.0,256.0,1.6,1,2,3
10,3,14.0,37,4,43,2.1,15930,0,0,0,0,1366,768,1,0,0,0.0,0.0,500.0,0.0,1.1,1,2,3
10,0,14.0,97,16,53,1.42,150462,0,0,1,0,2560,1440,0,1,0,0.0,0.0,0.0,0.0,2.7,1,2,3
2,0,13.3,74,6,53,1.5,34046,1,0,1,0,1920,1080,1,0,0,0.0,1.0,0.0,0.0,2.5,1,2,3
10,1,15.6,102,8,79,2.5,63349,1,1,0,0,1920,1080,1,1,0,0.0,1.0,0.0,128.0,2.8,1,3,3
10,3,15.6,74,8,72,2.2,33513,1,0,0,0,1920,1080,0,1,0,0.0,0.0,0.0,256.0,2.5,1,3,0
7,3,15.6,3,8,26,2.04,33513,0,0,0,0,1366,768,1,0,0,0.0,2.0,0.0,0.0,2.5,0,0,3
7,4,15.6,97,8,53,1.84,40066,1,0,0,0,1920,1080,0,1,0,0.0,0.0,0.0,256.0,2.7,1,2,3
2,3,15.6,74,8,53,2.3,31435,1,0,0,0,1920,1080,1,0,0,0.0,0.0,128.0,0.0,2.5,1,2,3
14,1,14.0,102,16,79,1.95,138474,1,0,0,0,1920,1080,0,1,0,0.0,0.0,0.0,256.0,2.8,1,3,3
10,3,15.6,56,4,67,2.2,30849,1,0,0,0,1920,1080,1,0,0,0.0,1.0,0.0,0.0,2.0,1,3,3
11,1,17.3,102,8,79,2.7,75071,1,0,0,0,1920,1080,1,1,0,0.0,1.0,0.0,128.0,2.8,1,3,3
11,1,15.6,102,16,76,2.2,69210,1,0,0,0,1920,1080,1,1,0,0.0,1.0,0.0,256.0,2.8,1,3,3
4,1,17.3,102,16,80,4.42,143802,1,1,0,0,1920,1080,1,1,0,0.0,1.0,0.0,256.0,2.8,1,3,3
11,1,17.3,93,16,93,4.5,125154,1,0,0,0,1920,1080,1,1,0,0.0,1.0,0.0,128.0,2.7,1,3,3
4,3,15.6,59,4,53,2.18,29144,0,0,0,0,1366,768,0,1,0,0.0,0.0,0.0,128.0,2.4,1,2,3
10,4,14.0,97,8,53,1.13,109170,1,1,0,0,1920,1080,0,0,1,256.0,0.0,0.0,0.0,2.7,1,2,3
15,0,15.0,97,16,8,1.71,95850,1,0,1,0,1920,1080,0,1,0,0.0,0.0,0.0,256.0,2.7,1,0,3
10,3,14.0,60,4,53,1.7,31914,1,1,0,0,1920,1080,0,1,0,0.0,0.0,0.0,128.0,2.7,1,2,3
10,3,15.6,89,16,27,2.5,58554,1,0,0,0,1920,1080,0,0,0,0.0,0.0,0.0,0.0,2.5,1,0,3
10,3,15.6,74,8,53,2.3,45323,1,1,0,0,1920,1080,1,0,0,0.0,1.0,0.0,0.0,2.5,1,2,3
0,3,15.6,14,4,17,2.1,24029,0,0,0,0,1366,768,0,1,0,0.0,0.0,0.0,256.0,3.0,0,0,3
10,3,15.6,74,8,53,2.3,48538,1,1,0,0,1920,1080,0,1,0,0.0,0.0,0.0,256.0,2.5,1,2,3
10,3,14.0,34,2,40,1.5,12201,0,0,0,0,1366,768,0,0,1,64.0,0.0,0.0,0.0,1.6,1,2,3
11,1,17.3,102,16,80,2.9,128671,1,0,0,0,1920,1080,1,1,0,0.0,1.0,0.0,512.0,2.8,1,3,3
7,3,15.6,2,6,7,1.91,30310,1,1,0,0,1920,1080,0,1,0,0.0,0.0,0.0,128.0,2.5,0,0,3
10,4,14.0,74,8,53,1.13,99900,1,1,0,0,1920,1080,0,0,1,256.0,0.0,0.0,0.0,2.5,1,2,3
0,3,15.6,74,4,53,2.4,23539,0,0,0,0,1366,768,1,0,0,0.0,0.0,500.0,0.0,2.5,1,2,1
7,3,15.6,59,4,53,2.04,36496,1,0,0,0,1920,1080,1,0,0,0.0,0.0,500.0,0.0,2.4,1,2,3
2,3,15.6,56,4,53,2.0,20725,1,0,0,0,1920,1080,1,0,0,0.0,1.0,0.0,0.0,2.0,1,2,1
7,4,12.5,71,8,47,1.26,100965,0,0,0,0,1366,768,0,1,0,0.0,0.0,0.0,256.0,2.4,1,2,3
7,4,12.5,47,8,46,0.97,107305,0,1,1,0,3840,2160,0,1,0,0.0,0.0,0.0,512.0,1.2,1,2,3
7,3,15.6,106,16,61,2.1,61751,1,0,0,0,1920,1080,0,1,0,0.0,0.0,0.0,512.0,1.8,1,2,3
4,4,12.5,68,8,47,1.5,75289,0,0,0,0,1366,768,0,1,0,0.0,0.0,0.0,256.0,2.3,1,2,3
4,3,15.6,106,8,7,2.02,51729,1,0,0,0,1920,1080,1,1,0,0.0,2.0,0.0,128.0,1.8,1,0,3
4,0,11.6,48,4,52,1.39,32127,0,0,1,0,1366,768,0,1,0,0.0,0.0,0.0,128.0,1.0,1,2,3
10,0,11.3,53,8,46,1.1,69210,1,1,1,0,1920,1080,0,1,0,0.0,0.0,0.0,256.0,1.2,1,2,3
7,3,13.3,83,8,61,1.49,51095,1,0,0,0,1920,1080,0,1,0,0.0,0.0,0.0,512.0,1.6,1,2,3
2,1,15.6,92,16,89,2.59,71341,1,1,0,0,1920,1080,1,1,0,0.0,1.0,0.0,128.0,2.6,1,3,3
7,4,15.6,89,8,28,1.84,69103,1,0,0,0,1920,1080,0,1,0,0.0,0.0,0.0,256.0,2.5,1,0,3
4,3,15.6,54,4,24,2.25,24808,0,0,0,0,1366,768,1,0,0,0.0,1.0,0.0,0.0,2.0,1,0,1
16,3,13.3,74,8,53,1.5,51841,1,1,0,0,1920,1080,0,1,0,0.0,0.0,0.0,256.0,2.5,1,2,3
4,3,15.6,56,8,23,2.0,39373,1,0,0,0,1920,1080,0,1,0,0.0,0.0,0.0,256.0,2.0,1,0,3
7,3,15.6,97,8,69,2.04,54291,1,0,0,0,1920,1080,0,1,0,0.0,0.0,0.0,256.0,2.7,1,3,3
7,3,14.0,97,8,69,1.64,63159,1,0,0,0,1920,1080,0,1,0,0.0,0.0,0.0,256.0,2.7,1,3,3
2,3,14.0,59,4,53,2.0,40972,1,0,0,0,1920,1080,0,1,0,0.0,0.0,0.0,256.0,2.4,1,2,3
2,4,14.0,97,16,53,1.1,101232,1,0,0,0,1920,1080,0,1,0,0.0,0.0,0.0,512.0,2.7,1,2,3
2,4,14.0,97,8,53,1.25,55890,1,0,0,0,1920,1080,0,1,0,0.0,0.0,0.0,256.0,2.7,1,2,3
7,3,15.6,56,4,6,2.1,26586,1,0,0,0,1920,1080,1,1,0,0.0,1.0,0.0,128.0,2.0,1,0,3
1,4,13.3,66,8,57,1.37,104370,0,1,0,1,2560,1600,0,1,0,0.0,0.0,0.0,512.0,2.9,1,2,2
7,3,13.3,68,8,47,1.16,90043,1,0,0,0,1920,1080,0,1,0,0.0,0.0,0.0,256.0,2.3,1,2,3
7,3,14.0,59,4,53,1.64,36443,0,0,0,0,1366,768,1,0,0,0.0,0.0,500.0,0.0,2.4,1,2,3
0,3,15.6,74,8,86,2.4,42570,1,0,0,0,1920,1080,1,1,0,0.0,1.0,0.0,256.0,2.5,1,3,3
7,0,11.6,37,4,43,1.4,32767,0,0,1,0,1366,768,0,0,1,32.0,0.0,0.0,0.0,1.1,1,2,0
13,4,13.5,74,4,53,1.252,58021,0,0,1,0,2256,1504,0,1,0,0.0,0.0,0.0,128.0,2.5,1,2,3
10,3,15.6,74,6,53,2.4,30049,1,0,0,0,1920,1080,1,0,0,0.0,1.0,0.0,0.0,2.5,1,2,3
7,3,17.3,56,4,19,2.5,37242,1,1,0,0,1920,1080,0,1,0,0.0,0.0,0.0,256.0,2.0,1,0,3
7,0,13.3,83,8,61,1.26,74538,1,1,1,0,1920,1080,0,1,0,0.0,0.0,0.0,256.0,1.6,1,2,3
7,0,13.3,71,8,47,1.48,86793,1,0,1,0,1920,1080,0,1,0,0.0,0.0,0.0,256.0,2.4,1,2,3
7,3,14.0,68,4,47,1.54,58607,1,0,0,0,1920,1080,0,1,0,0.0,0.0,0.0,256.0,2.3,1,2,3
0,3,15.6,4,8,34,2.2,35111,0,0,0,0,1366,768,0,1,0,0.0,0.0,0.0,256.0,2.7,0,0,3
4,0,15.6,97,16,53,2.09,62817,1,0,1,0,1920,1080,0,1,0,0.0,0.0,0.0,512.0,2.7,1,2,3
2,3,15.6,2,4,24,2.2,30636,1,0,0,0,1920,1080,1,1,0,0.0,1.0,0.0,128.0,2.5,0,0,3
2,3,14.0,97,8,53,2.0,71075,1,0,0,0,1920,1080,1,1,0,0.0,1.0,0.0,256.0,2.7,1,2,3
0,3,14.0,56,8,47,2.1,20725,0,0,0,0,1366,768,1,0,0,0.0,1.0,0.0,0.0,2.0,1,2,3
4,3,15.6,54,4,23,2.18,24279,0,0,0,0,1366,768,1,0,0,0.0,1.0,0.0,0.0,2.0,1,0,1
1,4,13.3,63,8,51,1.34,61735,0,0,0,0,1440,900,0,0,1,256.0,0.0,0.0,0.0,1.8,1,2,2
2,1,15.6,102,16,80,2.2,130482,1,0,0,0,1920,1080,1,1,0,0.0,1.0,0.0,256.0,2.8,1,3,3
2,1,17.3,25,8,37,3.2,90309,1,0,0,0,1920,1080,1,1,0,0.0,1.0,0.0,256.0,3.2,0,0,3
10,4,14.0,91,12,47,1.4,98994,0,1,0,0,2560,1440,0,1,0,0.0,0.0,0.0,256.0,2.6,1,2,3
7,3,17.3,8,4,7,2.71,23389,1,0,0,0,1920,1080,1,0,0,0.0,0.0,500.0,0.0,2.5,0,0,3
7,3,15.6,56,4,47,1.86,24988,1,0,0,0,1920,1080,1,0,0,0.0,1.0,0.0,0.0,2.0,1,2,3
2,3,15.6,97,4,53,2.37,45282,0,0,0,0,1366,768,0,1,0,0.0,0.0,0.0,256.0,2.7,1,2,3
10,4,14.0,102,8,74,1.96,101391,1,1,0,0,1920,1080,0,1,0,0.0,0.0,0.0,256.0,2.8,1,3,3
10,0,13.3,97,8,53,1.37,107892,1,1,1,0,1920,1080,0,1,0,0.0,0.0,0.0,512.0,2.7,1,2,3
4,5,17.3,104,16,101,3.42,153705,1,0,0,0,1920,1080,0,1,0,0.0,0.0,0.0,256.0,2.9,1,3,3
16,4,13.3,89,16,47,1.2,93080,1,0,0,0,1920,1080,0,1,0,0.0,0.0,0.0,512.0,2.5,1,2,3
0,3,15.6,36,4,41,2.4,15397,0,0,0,0,1366,768,1,0,0,0.0,0.0,500.0,0.0,1.6,1,2,1
4,3,15.6,74,8,53,1.9,50349,1,0,0,0,1920,1080,0,1,0,0.0,0.0,0.0,128.0,2.5,1,2,3
10,3,15.6,97,8,66,2.2,47898,1,0,0,0,1920,1080,1,0,0,0.0,1.0,0.0,0.0,2.7,1,3,3
7,3,14.0,68,4,47,1.95,61218,0,0,0,0,1366,768,1,0,0,0.0,0.0,500.0,0.0,2.3,1,2,3
10,0,14.0,89,8,47,1.8,88924,1,1,1,0,1920,1080,0,1,0,0.0,0.0,0.0,256.0,2.5,1,2,3
2,3,15.6,37,4,43,2.0,18328,1,0,0,0,1920,1080,1,0,0,0.0,1.0,0.0,0.0,1.1,1,2,3
4,3,15.6,97,16,30,2.3,45768,1,0,1,0,1920,1080,1,0,0,0.0,1.0,0.0,0.0,2.7,1,0,3
0,4,14.0,106,8,61,1.6,47099,1,1,0,0,1920,1080,0,1,0,0.0,0.0,0.0,256.0,1.8,1,2,3
7,3,13.3,74,8,53,1.11,61218,1,1,0,0,1920,1080,0,1,0,0.0,0.0,0.0,256.0,2.5,1,2,3
7,5,15.6,104,8,53,2.31,81731,1,1,0,0,1920,1080,0,1,0,0.0,0.0,0.0,512.0,2.9,1,2,3
11,1,15.6,102,8,75,2.4,60888,1,0,0,0,1920,1080,1,1,0,0.0,1.0,0.0,128.0,2.8,1,3,3
7,1,17.3,102,12,79,3.78,90522,1,1,0,0,1920,1080,1,0,0,0.0,1.0,0.0,0.0,2.8,1,3,3
4,4,15.6,83,8,72,1.9,55890,1,1,0,0,1920,1080,1,1,0,0.0,1.0,0.0,128.0,1.6,1,3,3
10,0,13.3,106,8,61,1.19,79866,1,1,1,0,1920,1080,0,1,0,0.0,0.0,0.0,512.0,1.8,1,2,3
4,4,13.3,106,8,7,1.4,49650,1,1,0,0,1920,1080,0,1,0,0.0,0.0,0.0,256.0,1.8,1,0,3
4,3,15.6,106,16,7,2.2,64961,1,0,0,0,1920,1080,1,1,0,0.0,2.0,0.0,256.0,1.8,1,0,3
7,3,17.3,74,6,6,2.71,37242,1,1,0,0,1920,1080,1,0,0,0.0,2.0,0.0,0.0,2.5,1,0,3
10,3,15.6,97,4,66,2.2,42570,1,0,0,0,1920,1080,1,0,0,0.0,1.0,0.0,0.0,2.7,1,3,3
10,0,14.0,91,16,47,2.8,130003,0,1,1,0,2560,1440,0,1,0,0.0,0.0,0.0,512.0,2.6,1,2,3
10,3,15.6,58,6,66,2.4,30316,1,0,0,0,1920,1080,0,1,0,0.0,0.0,0.0,128.0,2.3,1,3,3
10,3,15.6,33,4,45,2.1,16943,0,0,0,0,1366,768,1,0,0,0.0,0.0,500.0,0.0,1.6,1,2,3
16,3,15.6,74,8,53,2.0,45820,1,1,0,0,1920,1080,1,0,0,0.0,0.0,500.0,0.0,2.5,1,2,3
4,4,13.3,83,8,61,1.42,98133,1,0,1,0,1920,1080,0,1,0,0.0,0.0,0.0,256.0,1.6,1,2,3
11,1,15.6,92,16,79,1.8,102777,1,0,0,0,1920,1080,1,1,0,0.0,1.0,0.0,256.0,2.6,1,3,3
4,3,15.6,97,8,24,2.3,42943,0,0,0,0,1366,768,1,0,0,0.0,1.0,0.0,0.0,2.7,1,0,1
2,3,15.6,113,4,44,2.0,21258,0,0,0,0,1366,768,1,0,0,0.0,1.0,0.0,0.0,1.1,1,2,1
10,3,15.6,74,8,72,2.2,29250,0,0,0,0,1366,768,1,0,0,0.0,2.0,0.0,0.0,2.5,1,3,0
16,3,15.6,57,4,47,2.1,26533,0,0,0,0,1366,768,0,1,0,0.0,0.0,0.0,128.0,2.1,1,2,3
2,3,14.0,20,2,12,1.65,10602,0,0,0,0,1366,768,0,0,1,32.0,0.0,0.0,0.0,1.5,0,0,3
7,3,15.6,74,4,53,1.86,26037,0,0,0,0,1366,768,1,0,0,0.0,1.0,0.0,0.0,2.5,1,2,3
0,3,15.6,14,4,17,2.1,22697,0,0,0,0,1366,768,0,1,0,0.0,0.0,0.0,128.0,3.0,0,0,3
4,0,13.3,106,8,61,1.62,44701,1,1,1,0,1920,1080,1,0,0,0.0,1.0,0.0,0.0,1.8,1,2,3
7,2,12.5,68,8,47,1.26,88924,1,0,0,0,1920,1080,0,1,0,0.0,0.0,0.0,256.0,2.3,1,2,3
2,3,15.6,34,4,40,2.2,19660,0,0,0,0,1366,768,1,0,0,0.0,0.0,500.0,0.0,1.6,1,2,3
10,3,13.3,97,8,53,1.4,53812,1,1,0,0,1920,1080,0,1,0,0.0,0.0,0.0,256.0,2.7,1,2,3
11,1,15.6,92,8,89,2.4,65481,1,0,0,0,1920,1080,1,1,0,0.0,1.0,0.0,128.0,2.6,1,3,3
7,3,13.3,46,8,46,1.16,90522,0,0,1,0,3200,1800,0,1,0,0.0,0.0,0.0,256.0,1.1,1,2,3
4,4,13.3,106,8,61,1.2,84129,1,0,0,0,1920,1080,0,1,0,0.0,0.0,0.0,256.0,1.8,1,2,3
15,4,13.3,74,8,53,0.81,79866,1,0,0,0,1920,1080,0,1,0,0.0,0.0,0.0,256.0,2.5,1,2,3
7,3,14.0,83,4,61,1.63,38468,0,1,0,0,1366,768,1,0,0,0.0,0.0,500.0,0.0,1.6,1,2,3
10,3,15.6,56,4,47,1.9,23976,0,0,0,0,1366,768,1,0,0,0.0,0.0,500.0,0.0,2.0,1,2,0
10,3,15.6,74,8,72,2.3,43636,1,0,0,0,1920,1080,1,1,0,0.0,1.0,0.0,128.0,2.5,1,3,3
11,1,15.6,102,16,80,2.94,120831,1,0,0,0,1920,1080,1,1,0,0.0,1.0,0.0,256.0,2.8,1,3,3
16,3,15.6,74,8,53,2.0,42251,0,0,0,0,1366,768,0,1,0,0.0,0.0,0.0,128.0,2.5,1,2,3
2,3,15.6,112,4,42,2.65,16463,0,0,0,0,1366,768,1,0,0,0.0,1.0,0.0,0.0,1.6,1,2,3
1,4,13.3,63,8,51,1.34,47895,0,0,0,0,1440,900,0,0,1,128.0,0.0,0.0,0.0,1.8,1,2,2
4,3,15.6,74,8,30,2.36,47365,1,0,0,0,1920,1080,0,1,0,0.0,0.0,0.0,256.0,2.5,1,0,3
10,3,15.6,68,4,47,2.2,28504,1,0,0,0,1920,1080,1,0,0,0.0,0.0,500.0,0.0,2.3,1,2,3
10,3,15.6,106,8,61,2.17,47893,1,0,0,0,1920,1080,0,1,0,0.0,0.0,0.0,256.0,1.8,1,2,3
7,0,13.3,99,16,53,1.28,105228,1,0,1,0,1920,1080,0,1,0,0.0,0.0,0.0,256.0,2.8,1,2,3
7,3,15.6,83,6,6,1.91,32980,1,0,0,0,1920,1080,0,1,0,0.0,0.0,0.0,256.0,1.6,1,0,3
2,3,17.3,106,8,63,2.1,61005,1,0,0,0,1920,1080,1,1,0,0.0,1.0,0.0,128.0,1.8,1,3,3
7,3,14.0,74,4,53,1.64,51841,0,0,0,0,1366,768,0,1,0,0.0,0.0,0.0,256.0,2.5,1,2,3
10,1,15.6,102,16,79,3.2,93186,1,1,0,0,1920,1080,1,1,0,0.0,1.0,0.0,512.0,2.8,1,3,3
4,3,15.6,74,8,53,2.18,38041,0,0,0,0,1366,768,0,1,0,0.0,0.0,0.0,128.0,2.5,1,2,3
7,3,15.6,56,4,47,1.91,23389,1,0,0,0,1920,1080,0,1,0,0.0,0.0,0.0,128.0,2.0,1,2,3
10,3,13.3,74,8,53,1.1,53226,1,1,0,0,1920,1080,0,1,0,0.0,0.0,0.0,256.0,2.5,1,2,3
10,3,15.6,116,32,104,2.5,261018,0,1,0,0,3840,2160,0,1,0,0.0,0.0,0.0,0.0,3.1,1,3,3
4,3,15.6,111,4,40,2.2,23655,0,0,0,0,1366,768,1,0,0,0.0,0.0,500.0,0.0,1.6,1,2,3
1,4,12.0,43,8,46,0.92,69264,0,1,0,1,2304,1440,0,0,1,256.0,0.0,0.0,0.0,1.1,1,2,2
2,3,14.0,37,4,43,1.5,15238,0,0,0,0,1366,768,0,0,1,32.0,0.0,0.0,0.0,1.1,1,2,3
7,3,15.6,56,4,6,1.86,23373,0,0,0,0,1366,768,1,0,0,0.0,0.0,500.0,0.0,2.0,1,0,3
2,3,15.6,59,4,53,2.0,23176,0,0,0,0,1366,768,1,0,0,0.0,1.0,0.0,0.0,2.4,1,2,3
7,3,17.3,83,8,69,2.5,47738,1,0,0,0,1920,1080,1,0,0,0.0,1.0,0.0,0.0,1.6,1,3,3
0,1,15.6,102,8,75,2.7,67132,1,1,0,0,1920,1080,1,1,0,0.0,1.0,0.0,128.0,2.8,1,3,3
0,3,15.6,60,4,53,2.1,19553,0,0,0,0,1366,768,1,0,0,0.0,1.0,0.0,0.0,2.7,1,2,1
7,3,15.6,74,8,6,1.91,32979,0,0,0,0,1366,768,0,1,0,0.0,0.0,0.0,256.0,2.5,1,0,3
0,0,13.3,89,8,47,1.6,42038,1,1,1,0,1920,1080,0,1,0,0.0,0.0,0.0,256.0,2.5,1,2,3
10,3,15.6,5,8,25,2.2,22857,0,0,0,0,1366,768,1,0,0,0.0,1.0,0.0,0.0,3.6,0,0,3
7,3,15.6,56,4,6,2.1,24988,1,0,0,0,1920,1080,1,0,0,0.0,1.0,0.0,0.0,2.0,1,0,3
2,3,17.3,97,8,86,2.69,47365,1,0,0,0,1920,1080,1,1,0,0.0,1.0,0.0,128.0,2.7,1,3,0
7,1,15.6,102,8,75,2.62,47898,1,1,0,0,1920,1080,1,0,0,0.0,1.0,0.0,0.0,2.8,1,3,3
4,3,15.6,83,8,7,2.2,42624,1,0,0,0,1920,1080,0,1,0,0.0,0.0,0.0,256.0,1.6,1,0,3
4,4,13.3,106,8,61,1.2,77202,1,0,0,0,1920,1080,0,1,0,0.0,0.0,0.0,256.0,1.8,1,2,3
7,3,15.6,36,4,41,2.1,18488,0,0,0,0,1366,768,1,0,0,0.0,0.0,500.0,0.0,1.6,1,2,3
7,4,15.6,106,8,85,1.83,37242,1,1,0,0,1920,1080,0,1,0,0.0,0.0,0.0,256.0,1.8,1,3,3
4,3,15.6,97,16,30,2.3,62938,1,0,0,0,1920,1080,0,1,0,0.0,0.0,0.0,256.0,2.7,1,0,3
0,3,14.0,36,2,41,1.68,17582,0,0,0,0,1366,768,0,0,1,32.0,0.0,0.0,0.0,1.6,1,2,0
7,4,12.5,68,8,47,1.26,63882,1,0,0,0,1920,1080,0,1,0,0.0,0.0,0.0,256.0,2.3,1,2,3
10,4,12.5,47,8,46,0.99,74538,0,1,1,0,2560,1440,0,1,0,0.0,0.0,0.0,512.0,1.2,1,2,3
4,3,15.6,112,4,40,2.2,19660,0,0,0,0,1366,768,1,0,0,0.0,0.0,500.0,0.0,1.6,1,2,3
4,3,15.6,54,4,47,2.18,23650,0,0,0,0,1366,768,1,0,0,0.0,1.0,0.0,0.0,2.0,1,2,1
2,1,17.3,102,16,79,2.73,109218,1,0,0,0,1920,1080,1,1,0,0.0,1.0,0.0,256.0,2.8,1,3,3
0,3,15.6,54,4,47,2.4,19276,0,0,0,0,1366,768,1,0,0,0.0,0.0,500.0,0.0,2.0,1,2,1
10,3,17.3,56,4,47,2.8,28185,1,0,0,0,1920,1080,1,0,0,0.0,0.0,500.0,0.0,2.0,1,2,0
10,3,15.6,74,8,53,2.3,30529,1,1,0,0,1920,1080,0,1,0,0.0,0.0,0.0,256.0,2.5,1,2,0
4,4,14.0,99,8,53,1.36,94572,1,0,0,0,1920,1080,0,1,0,0.0,0.0,0.0,256.0,2.8,1,2,3
7,3,15.6,74,4,53,2.04,44701,1,0,0,0,1920,1080,0,1,0,0.0,0.0,0.0,256.0,2.5,1,2,3
13,4,13.5,52,4,52,1.252,52693,0,0,1,0,2256,1504,0,1,0,0.0,0.0,0.0,128.0,2.2,1,2,3
10,3,17.3,74,8,53,2.8,28717,0,0,0,0,1600,900,1,0,0,0.0,1.0,0.0,0.0,2.5,1,2,0
10,3,15.6,68,8,21,2.5,42010,1,0,0,0,1920,1080,0,0,0,0.0,0.0,0.0,0.0,2.3,1,0,3
10,3,15.6,74,8,53,1.95,104588,1,1,0,0,1920,1080,0,1,0,0.0,0.0,0.0,512.0,2.5,1,2,3
4,3,14.0,71,8,47,1.56,65481,1,0,0,0,1920,1080,0,1,0,0.0,0.0,0.0,256.0,2.4,1,2,3
11,1,15.6,102,16,75,2.4,68944,1,0,0,0,1920,1080,1,1,0,0.0,1.0,0.0,256.0,2.8,1,3,3
16,3,13.3,68,8,47,1.5,64468,0,0,0,0,1366,768,0,1,0,0.0,0.0,0.0,256.0,2.3,1,2,3
10,3,15.6,56,4,67,2.2,24935,1,0,0,0,1920,1080,1,0,0,0.0,1.0,0.0,0.0,2.0,1,3,3
4,3,15.6,68,4,47,2.24,39267,0,0,0,0,1366,768,1,0,0,0.0,0.0,500.0,0.0,2.3,1,2,3
11,1,17.3,92,8,89,2.9,80516,1,0,0,0,1920,1080,1,1,0,0.0,1.0,0.0,128.0,2.6,1,3,3
0,0,14.0,105,8,52,1.2,61218,1,1,1,0,1920,1080,0,1,0,0.0,0.0,0.0,256.0,1.3,1,2,3
1,4,15.4,85,16,9,1.83,135195,0,1,0,1,2880,1800,0,1,0,0.0,0.0,0.0,512.0,2.7,1,0,2
0,3,15.6,11,8,17,2.4,23922,0,0,0,0,1366,768,1,0,0,0.0,1.0,0.0,0.0,2.2,0,0,3
10,5,15.6,89,16,107,2.18,98834,1,0,0,0,1920,1080,0,1,0,0.0,0.0,0.0,512.0,2.5,1,3,3
16,3,13.3,74,8,53,1.05,89084,1,1,0,0,1920,1080,0,1,0,0.0,0.0,0.0,256.0,2.5,1,2,3
2,3,14.0,74,8,53,2.0,50349,1,0,0,0,1920,1080,0,1,0,0.0,0.0,0.0,256.0,2.5,1,2,3
2,0,13.3,74,8,53,1.27,49443,1,1,1,0,1920,1080,0,1,0,0.0,0.0,0.0,256.0,2.5,1,2,3
7,4,12.5,88,8,47,1.26,122381,1,0,0,0,1920,1080,0,1,0,0.0,0.0,0.0,256.0,2.5,1,2,3
7,3,14.0,106,8,69,1.63,54931,1,0,0,0,1920,1080,0,1,0,0.0,0.0,0.0,256.0,1.8,1,3,3
0,3,15.6,56,4,47,2.4,23976,0,0,0,0,1366,768,1,0,0,0.0,0.0,500.0,0.0,2.0,1,2,3
2,4,14.0,97,8,53,1.1,99793,1,0,0,0,1920,1080,0,1,0,0.0,0.0,0.0,512.0,2.7,1,2,3
7,3,15.6,56,4,47,1.63,36709,0,0,0,0,1366,768,0,1,0,0.0,0.0,0.0,128.0,2.0,1,2,3
10,0,13.3,89,16,47,1.3,79866,0,1,1,0,3200,1800,0,1,0,0.0,0.0,0.0,512.0,2.5,1,2,3
2,0,13.3,83,8,53,1.1,70063,1,0,1,0,1920,1080,0,1,0,0.0,0.0,0.0,256.0,1.6,1,2,3
7,5,17.3,92,8,105,3.0,210424,1,1,0,0,1920,1080,0,1,0,0.0,0.0,0.0,256.0,2.6,1,3,3
4,3,15.6,83,8,7,2.2,42486,1,0,0,0,1920,1080,0,1,0,0.0,0.0,0.0,256.0,1.6,1,0,3
7,0,13.3,74,8,53,1.58,44574,0,1,1,0,1366,768,0,1,0,0.0,0.0,0.0,256.0,2.5,1,2,3
11,1,17.3,92,16,79,2.43,103842,1,1,0,0,1920,1080,1,1,0,0.0,1.0,0.0,256.0,2.6,1,3,3
7,5,17.3,79,8,101,3.14,99153,0,0,0,0,1600,900,1,0,0,0.0,0.0,500.0,0.0,2.8,1,3,3
10,0,15.6,74,8,31,2.08,51095,1,0,1,0,1920,1080,0,1,0,0.0,0.0,0.0,256.0,2.5,1,0,3
10,3,15.6,5,6,7,2.2,29250,1,0,0,0,1920,1080,0,1,0,0.0,0.0,0.0,256.0,3.6,0,0,3
7,4,14.0,89,8,47,1.54,99633,1,0,0,0,1920,1080,0,1,0,0.0,0.0,0.0,512.0,2.5,1,2,3
3,3,15.6,30,4,40,1.89,13261,1,0,0,0,1920,1080,0,0,1,64.0,0.0,0.0,0.0,1.44,1,2,3
7,3,15.6,74,8,1,1.9,61485,1,0,0,0,1920,1080,1,0,0,0.0,0.0,500.0,0.0,2.5,1,0,3
4,3,15.6,59,8,53,2.3,24988,0,0,1,0,1366,768,1,0,0,0.0,1.0,0.0,0.0,2.4,1,2,3
4,3,15.6,97,8,24,2.2,39693,1,0,0,0,1920,1080,0,1,0,0.0,0.0,0.0,256.0,2.7,1,0,3
2,3,13.3,74,8,53,1.4,61272,0,0,0,0,3200,1800,0,1,0,0.0,0.0,0.0,256.0,2.5,1,2,3
11,1,15.6,92,8,89,2.3,62284,1,0,0,0,1920,1080,1,1,0,0.0,1.0,0.0,128.0,2.6,1,3,3
7,3,15.6,83,4,53,2.1,38468,1,1,0,0,1920,1080,1,0,0,0.0,0.0,500.0,0.0,1.6,1,2,3
10,3,15.6,97,6,72,2.2,42037,1,0,0,0,1920,1080,0,1,0,0.0,0.0,0.0,256.0,2.7,1,3,3
2,1,15.6,24,8,36,2.45,37242,1,0,0,0,1920,1080,1,0,0,0.0,1.0,0.0,0.0,3.0,0,0,3
10,3,15.6,92,8,89,2.6,47898,1,1,0,0,1920,1080,1,0,0,0.0,1.0,0.0,0.0,2.6,1,3,3
0,3,15.6,60,4,97,2.2,28238,1,0,0,0,1920,1080,1,0,0,0.0,1.0,0.0,0.0,2.7,1,3,3
2,1,15.6,102,8,75,2.5,53226,1,0,0,0,1920,1080,0,1,0,0.0,0.0,0.0,256.0,2.8,1,3,3
7,3,14.0,74,4,53,1.95,56476,0,0,0,0,1366,768,1,0,0,0.0,0.0,500.0,0.0,2.5,1,2,3
7,3,15.6,12,6,29,2.04,29303,1,0,0,0,1920,1080,0,0,0,0.0,0.0,0.0,0.0,2.9,0,0,3
7,5,15.6,92,8,100,2.0,101178,1,0,0,0,1920,1080,0,1,0,0.0,0.0,0.0,256.0,2.6,1,3,3
7,4,14.0,89,8,47,1.54,78215,1,0,0,0,1920,1080,0,1,0,0.0,0.0,0.0,512.0,2.5,1,2,3
1,4,11.6,62,4,51,1.08,51095,0,0,0,0,1366,768,0,0,1,256.0,0.0,0.0,0.0,1.6,1,2,2
10,3,15.6,56,4,47,2.1,26101,0,0,0,0,1366,768,1,0,0,0.0,0.0,500.0,0.0,2.0,1,2,3
2,1,17.3,92,16,93,4.3,114552,1,1,0,0,1920,1080,1,1,0,0.0,1.0,0.0,512.0,2.6,1,3,3
0,1,17.3,102,16,80,4.2,138474,1,1,0,0,1920,1080,1,1,0,0.0,1.0,0.0,256.0,2.8,1,3,3
7,3,15.6,97,8,7,1.91,38308,1,0,0,0,1920,1080,0,1,0,0.0,0.0,0.0,256.0,2.7,1,0,3
7,3,14.0,74,4,53,1.64,41505,0,0,0,0,1366,768,1,0,0,0.0,0.0,500.0,0.0,2.5,1,2,3
7,3,15.6,36,4,41,1.86,13799,0,0,0,0,1366,768,1,0,0,0.0,0.0,500.0,0.0,1.6,1,2,0
4,3,15.6,74,8,53,2.18,44542,1,0,0,0,1920,1080,1,0,0,0.0,1.0,0.0,0.0,2.5,1,2,3
11,1,14.0,102,16,79,1.6,100752,1,1,0,0,1920,1080,1,1,0,0.0,1.0,0.0,256.0,2.8,1,3,3
7,3,13.3,83,4,61,1.49,35964,1,1,0,0,1920,1080,1,0,0,0.0,0.0,500.0,0.0,1.6,1,2,3
10,4,12.5,74,8,53,1.36,76137,1,1,0,0,1920,1080,0,1,0,0.0,0.0,0.0,256.0,2.5,1,2,3
4,4,13.3,106,16,61,1.21,133146,0,1,1,0,3840,2160,0,1,0,0.0,0.0,0.0,0.0,1.8,1,2,3
0,3,15.6,59,4,53,2.4,20459,0,0,0,0,1366,768,1,0,0,0.0,1.0,0.0,0.0,2.4,1,2,3
4,1,15.6,102,8,76,2.62,61751,1,1,0,0,1920,1080,1,1,0,0.0,1.0,0.0,128.0,2.8,1,3,3
10,3,14.0,70,8,47,1.8,63456,1,0,0,0,1920,1080,0,1,0,0.0,0.0,0.0,256.0,2.3,1,2,3
10,3,15.6,60,4,53,2.05,33566,1,0,0,0,1920,1080,0,1,0,0.0,0.0,0.0,128.0,2.7,1,2,3
4,0,15.0,59,4,53,2.08,27119,1,0,1,0,1920,1080,1,0,0,0.0,0.0,500.0,0.0,2.4,1,2,3
4,3,15.6,74,4,47,2.18,27804,0,0,0,0,1366,768,1,0,0,0.0,1.0,0.0,0.0,2.5,1,2,1
4,3,15.6,97,8,24,2.2,31962,1,0,0,0,1920,1080,1,0,0,0.0,1.0,0.0,0.0,2.7,1,0,1
7,4,12.5,74,4,53,1.26,83063,0,0,0,0,1366,768,0,1,0,0.0,0.0,0.0,256.0,2.5,1,2,3
7,1,17.3,102,12,37,3.74,93186,1,1,0,0,1920,1080,1,0,0,0.0,1.0,0.0,0.0,2.8,1,0,3
1,4,15.4,86,16,10,1.83,130001,0,1,0,1,2880,1800,0,1,0,0.0,0.0,0.0,256.0,2.8,1,0,2
0,3,15.6,74,4,72,2.23,36816,1,0,0,0,1920,1080,0,1,0,0.0,0.0,0.0,256.0,2.5,1,3,3
4,3,15.6,74,8,30,2.36,34035,1,0,0,0,1920,1080,1,0,0,0.0,1.0,0.0,0.0,2.5,1,0,3
11,1,15.6,102,16,80,2.8,111834,1,1,0,0,1920,1080,1,1,0,0.0,1.0,0.0,256.0,2.8,1,3,3
4,3,15.6,74,8,30,2.5,41771,0,0,0,0,1366,768,1,0,0,0.0,1.0,0.0,0.0,2.5,1,0,3
4,4,13.3,98,8,58,1.23,73473,0,0,1,0,3200,1800,0,1,0,0.0,0.0,0.0,256.0,2.4,1,2,3
4,3,15.6,59,6,53,2.3,24455,0,0,0,0,1366,768,1,0,0,0.0,1.0,0.0,0.0,2.4,1,2,3
7,3,15.6,97,8,53,2.05,31861,0,0,0,0,1366,768,1,0,0,0.0,1.0,0.0,0.0,2.7,1,2,3
0,1,17.3,102,16,79,4.2,122490,1,1,0,0,1920,1080,1,1,0,0.0,1.0,0.0,256.0,2.8,1,3,3
2,4,13.3,97,16,53,1.1,93181,1,0,1,0,1920,1080,0,1,0,0.0,0.0,0.0,512.0,2.7,1,2,3
7,4,12.5,68,4,47,1.26,84129,1,0,0,0,1920,1080,1,0,0,0.0,0.0,500.0,0.0,2.3,1,2,3
4,3,15.6,97,8,74,1.98,47686,1,0,0,0,1920,1080,0,1,0,0.0,0.0,0.0,256.0,2.7,1,3,1
10,0,15.6,102,8,55,2.0,69210,1,1,1,0,1920,1080,0,1,0,0.0,0.0,0.0,256.0,2.8,1,2,3
10,3,14.0,74,8,53,1.7,72673,1,0,0,0,1920,1080,0,1,0,0.0,0.0,0.0,180.0,2.5,1,2,3
4,3,15.6,83,4,7,2.2,41345,1,0,0,0,1920,1080,1,0,0,0.0,1.0,0.0,0.0,1.6,1,0,3
3,3,15.6,29,4,40,1.89,13053,1,0,0,0,1920,1080,0,0,1,64.0,0.0,0.0,0.0,1.44,1,2,3
2,3,15.6,92,12,48,2.06,69210,0,1,0,0,3840,2160,1,1,0,0.0,1.0,0.0,128.0,2.6,1,2,3
7,0,13.3,106,8,61,1.29,106506,0,1,1,0,3840,2160,0,1,0,0.0,0.0,0.0,512.0,1.8,1,2,3
4,3,17.3,106,8,7,2.8,60845,1,0,0,0,1920,1080,1,1,0,0.0,1.0,0.0,128.0,1.8,1,0,3
0,3,15.6,102,8,75,2.4,45074,1,0,0,0,1920,1080,1,0,0,0.0,1.0,0.0,0.0,2.8,1,3,1
10,1,15.6,23,16,33,2.5,53226,1,1,0,0,1920,1080,1,1,0,0.0,1.0,0.0,512.0,2.1,0,0,3
7,4,13.3,97,8,53,1.11,71874,1,1,1,0,1920,1080,0,1,0,0.0,0.0,0.0,256.0,2.7,1,2,3
10,0,14.0,89,4,47,1.8,33992,1,1,1,0,1920,1080,0,1,0,0.0,0.0,0.0,128.0,2.5,1,2,3
10,3,15.6,97,8,53,1.99,92121,1,1,0,0,1920,1080,0,1,0,0.0,0.0,0.0,512.0,2.7,1,2,3
10,0,10.1,31,4,41,0.69,25521,0,1,1,0,1920,1200,0,0,1,64.0,0.0,0.0,0.0,1.44,1,2,3
1,4,12.0,61,8,52,0.92,80452,0,1,0,1,2304,1440,0,1,0,0.0,0.0,0.0,512.0,1.3,1,2,2
17,3,14.0,37,4,43,1.3,13852,1,1,0,0,1920,1080,0,0,1,32.0,0.0,0.0,0.0,1.1,1,2,3
4,3,14.0,79,8,69,1.64,58021,1,0,0,0,1920,1080,0,1,0,0.0,0.0,0.0,256.0,2.8,1,3,1
4,5,15.6,102,8,101,1.78,128298,1,0,0,0,1920,1080,0,1,0,0.0,0.0,0.0,256.0,2.8,1,3,3
4,1,15.6,102,8,78,2.62,49497,1,0,0,0,1920,1080,1,0,0,0.0,1.0,0.0,0.0,2.8,1,3,1
0,2,11.6,32,2,40,1.3,9270,0,0,0,0,1366,768,0,1,0,0.0,0.0,0.0,32.0,1.5,1,2,0
7,3,15.6,97,8,69,2.04,47952,1,0,0,0,1920,1080,1,0,0,0.0,1.0,0.0,0.0,2.7,1,3,3
2,1,17.3,102,8,75,3.0,63243,1,0,0,0,1920,1080,1,0,0,0.0,1.0,0.0,0.0,2.8,1,3,3
10,0,14.0,68,8,47,1.36,87219,0,1,1,0,2560,1440,0,1,0,0.0,0.0,0.0,256.0,2.3,1,2,3
0,3,14.0,41,4,43,1.6,17529,1,0,0,0,1920,1080,0,0,1,32.0,0.0,0.0,0.0,1.1,1,2,3
10,3,17.3,68,8,21,3.0,35111,0,0,0,0,1600,900,1,0,0,0.0,0.0,0.0,0.0,2.3,1,0,3
7,1,17.3,102,12,79,2.62,95850,1,0,0,0,1920,1080,1,0,0,0.0,1.0,0.0,0.0,2.8,1,3,3
2,1,15.6,102,8,75,1.99,71928,1,0,0,0,1920,1080,1,1,0,0.0,1.0,0.0,128.0,2.8,1,3,3
4,4,13.3,74,8,53,1.29,47898,1,1,1,0,1920,1080,0,1,0,0.0,0.0,0.0,128.0,2.5,1,2,3
7,3,15.6,15,6,7,1.95,34578,1,1,0,0,1920,1080,0,1,0,0.0,0.0,0.0,256.0,3.0,0,0,3
10,0,15.6,102,8,77,2.0,90522,1,1,1,0,1920,1080,0,1,0,0.0,0.0,0.0,512.0,2.8,1,3,3
4,3,15.6,83,8,6,2.2,36089,1,0,0,0,1920,1080,0,1,0,0.0,0.0,0.0,256.0,1.6,1,0,1
10,3,15.6,56,4,24,1.9,19607,0,0,0,0,1366,768,1,0,0,0.0,1.0,0.0,0.0,2.0,1,0,0
18,4,13.3,74,8,98,1.3,53274,1,1,0,0,1920,1080,0,1,0,0.0,0.0,0.0,256.0,2.5,1,3,0
4,3,13.3,68,8,47,1.62,34578,1,0,1,0,1920,1080,1,0,0,0.0,1.0,0.0,0.0,2.3,1,2,3
4,4,13.3,97,8,53,1.29,78694,0,0,1,0,3200,1800,0,1,0,0.0,0.0,0.0,256.0,2.7,1,2,3
10,0,13.3,69,8,50,1.3,63882,0,1,1,0,3200,1800,0,1,0,0.0,0.0,0.0,256.0,1.8,1,2,3
4,3,15.6,59,8,53,2.3,24455,0,0,0,0,1366,768,1,0,0,0.0,1.0,0.0,0.0,2.4,1,2,3
7,3,13.3,109,4,46,1.29,32767,0,0,0,0,3200,1800,0,0,1,32.0,0.0,0.0,0.0,1.5,1,2,0
0,2,11.6,36,4,41,1.35,18914,0,1,0,0,1366,768,0,0,1,32.0,0.0,0.0,0.0,1.6,1,2,0
10,3,14.0,68,8,47,1.7,63882,1,0,0,0,1920,1080,0,1,0,0.0,0.0,0.0,180.0,2.3,1,2,3
0,3,15.6,56,4,47,2.4,21887,0,0,0,0,1366,768,1,0,0,0.0,0.0,500.0,0.0,2.0,1,2,3
2,3,15.6,37,4,43,2.0,14651,0,0,0,0,1366,768,1,0,0,0.0,1.0,0.0,0.0,1.1,1,2,1
2,0,15.6,74,8,47,2.2,39373,0,0,1,0,1366,768,1,0,0,0.0,1.0,0.0,0.0,2.5,1,2,3
16,3,15.6,59,4,53,2.0,26053,0,0,0,0,1366,768,1,0,0,0.0,0.0,500.0,0.0,2.4,1,2,3
10,3,14.0,74,4,53,1.7,37242,1,0,0,0,1920,1080,0,1,0,0.0,0.0,0.0,256.0,2.5,1,2,3
4,3,15.6,78,8,53,1.9,49816,1,0,0,0,1920,1080,1,0,0,0.0,0.0,500.0,0.0,2.6,1,2,3
7,3,15.6,10,4,6,1.91,25515,1,0,0,0,1920,1080,0,1,0,0.0,0.0,0.0,256.0,2.5,0,0,3
